Vía 104;104
Avenida 39;39
Calle 118;118
Autopista Próspero Fernández;pista Próspero Fernández
Avenida 3A;3A
Avenida 7A;7A
Calle 78;78
Avenida 3;3
Calle 78A;78A
Avenida 1A;1A
Avenida 43;43
Paseo de la Segunda República;Segunda República
Autopista General Cañas;pista General Cañas
Transversal 76;Transversal 76
Transversal 72;Transversal 72
Calle 102;102
Calle 90;90
Calle 86A;86A
Avenida Elena Lahmann de Rohrmoser;Elena Lahmann Rohrmoser
Calle 106;106
Avenida 11;11
Avenida 17;17
Avenida 23;23
Calle 110;110
Calle 108;108
Avenida 15A;15A
Avenida 23;23
Avenida 23A;23A
Avenida 23A;23A
Avenida 21;21
Avenida 23;23
Avenida 25;25
Avenida 29;29
Calle 144;144
Calle 122;122
Calle 124;124
Calle 126;126
Calle 130;130
Calle 128;128
Calle Rafael Barroeta;Rafael Barroeta
Calle 136;136
Avenida 15A;15A
Avenida 17A;17A
Calle 116;116
Calle 120;120
Avenida 19;19
Calle 118;118
Avenida 19;19
Calle 114;114
Calle 100;100
Avenida 25;25
Calle 92;92
Avenida 19;19
Calle 86;86
Avenida 15A;15A
Avenida 1A;1A
Calle 80A;80A
Transversal 72;Transversal 72
Calle 76A;76A
Avenida 1;1
Avenida 19;19
Avenida 21;21
Avenida 21;21
Avenida 19;19
Calle 94;94
Calle 90A;90A
Calle 88;88
Calle 90;90
Avenida 15;15
Avenida 25A;25A
Avenida 25B;25B
Calle 116;116
Avenida 37;37
Avenida 35;35
Calle 106;106
Avenida 37;37
Calle 98A;98A
Calle 106A;106A
Calle 110;110
Calle 114;114
Avenida 31B;31B
Calle 110;110
Calle 104;104
Avenida 31;31
Avenida 29;29
Calle 106B;106B
Calle 100;100
Diagonal 29;Diagonal 29
Calle 98A;98A
Diagonal 27;Diagonal 27
Diagonal 45;Diagonal 45
Calle 92;92
Calle 92A;92A
Avenida 31;31
Avenida 27;27
Calle 76;76
Transversal 74;Transversal 74
Calle 104;104
Calle 88;88
Avenida 45;45
Avenida 43;43
Calle 86A;86A
Calle 98;98
Avenida 51;51
Calle 96;96
Calle 94;94
Calle 94A;94A
Avenida 47B;47B
Avenida 47;47
Avenida 49;49
Avenida 45B;45B
Avenida 41;41
Avenida 45A;45A
Calle 102;102
Avenida 43;43
Calle 118A;118A
Calle 118B;118B
Calle 120;120
Calle 122;122
Calle 118B;118B
Calle 124;124
Avenida 31;31
Avenida 29;29
Avenida 27A;27A
Calle 130;130
Calle 122;122
Avenida 31B;31B
Avenida 37;37
Avenida 37A;37A
Calle 122A;122A
Calle 128;128
Calle 72;72
Avenida 31;31
Calle 104;104
Calle 102;102
Calle 80;80
Calle 102;102
Avenida 25A;25A
Calle 98B;98B
Avenida 23B;23B
Avenida 23B;23B
Avenida 23B;23B
Calle 80A;80A
Avenida 19;19
Avenida 21;21
Avenida 37;37
Avenida 37A;37A
Calle 86;86
Avenida 31;31
Avenida 27A;27A
Calle 114A;114A
Vía 104;104
Vía 104;104
Calle 78A;78A
Avenida 0S;0S
Calle 76;76
Avenida 7;7
Calle 128;128
Boulevard Ernesto Rohrmoser;Ernesto Rohrmoser
Autopista General Cañas;pista General Cañas
Paseo de la Segunda República;Segunda República
Paseo de la Segunda República;Segunda República
Paseo de la Segunda República;Segunda República
Calle Los Varela;Los Varela
Avenida 39;39
Calle 154;154
Calle 154A;154A
Avenida 57B;57B
Calle 164;164
Avenida 63;63
Avenida 13A;13A
Calle 84;84
Avenida 69;69
Paseo de la Segunda República;Segunda República
Paseo de la Segunda República;Segunda República
Paseo de la Segunda República;Segunda República
Paseo de la Segunda República;Segunda República
Avenida 65A;65A
Transversal 76;Transversal 76
Calle 106;106
Avenida 65;65
Avenida 59A;59A
Avenida 61;61
Calle 106;106
Calle 142B;142B
Avenida 65B;65B
Avenida 53;53
Avenida 51A;51A
Avenida 51A;51A
Calle 134;134
Calle 142;142
Calle 116B;116B
Calle 118;118
Calle 116A;116A
Avenida 35A;35A
Avenida 37A;37A
Calle 116;116
Avenida 39A;39A
Avenida 35;35
Avenida 37;37
Calle 114B;114B
Calle 130B;130B
Calle 130C;130C
Calle 140;140
Calle 130B;130B
Calle 132;132
Calle 136;136
Avenida 25;25
Avenida 27;27
Avenida 27;27
Calle 94;94
Avenida 47;47
Avenida 41;41
Calle 164A;164A
Calle 172;172
Calle 170D;170D
Calle 170B;170B
Calle 170A;170A
Calle 112A;112A
Avenida 19;19
Calle 112;112
Avenida 9;9
CEFA;CEFA
Avenida 35A;35A
Calle 176;176
Avenida 33;33
Calle 164;164
Calle 166;166
Calle 156;156
Calle 160;160
Avenida 49A;49A
Avenida 49B;49B
Avenida 53A;53A
Avenida 51B;51B
Avenida 55B;55B
Avenida 47;47
Avenida 53;53
Calle 184B;184B
Avenida 51B;51B
Calle 180A;180A
Calle 184C;184C
Avenida 53A;53A
Avenida 51A;51A
Calle 158A;158A
Avenida 55;55
Avenida 51B;51B
Calle 180;180
Calle 162B;162B
Avenida 57A;57A
Calle 170C;170C
Calle 184A;184A
Calle 154;154
Avenida 47;47
Calle 174B;174B
Calle 182;182
Avenida 43;43
Avenida 57;57
Avenida 55A;55A
Avenida 47A;47A
Calle 182A;182A
Avenida 57A;57A
Calle 152;152
Calle 158B;158B
Avenida 53B;53B
Avenida 47A;47A
Avenida 51A;51A
Calle 184C;184C
Avenida 49;49
Avenida 51A;51A
Avenida 57;57
Avenida 51B;51B
Avenida 55B;55B
Calle 152A;152A
Calle 180B;180B
Avenida 51A;51A
Calle 162C;162C
Avenida 49A;49A
Calle 174A;174A
Calle 184A;184A
Avenida 55A;55A
Avenida 51;51
Calle 181C;181C
Avenida 45A;45A
Calle 178;178
Avenida 51D;51D
Calle 154;154
Avenida 51C;51C
Avenida 49B;49B
Calle 162;162
Calle 152B;152B
Avenida 59A;59A
Calle 156C;156C
Calle 154B;154B
Calle 182;182
Calle 188;188
Calle 166;166
Calle 158A;158A
Avenida 49;49
Calle 186;186
Calle 156B;156B
Calle 154A;154A
Calle 180B;180B
Avenida 49D;49D
Avenida 51B;51B
Calle 174;174
Calle 184B;184B
Avenida 53;53
Calle 156A;156A
Calle 158B;158B
Calle 182A;182A
Calle 186B;186B
Avenida 53;53
Calle 166B;166B
Calle 156A;156A
Calle 156B;156B
Calle 164;164
Calle 162A;162A
Avenida 51D;51D
Calle 156C;156C
Calle 158;158
Avenida 55;55
Calle 160;160
Avenida 51;51
Avenida 51C;51C
Calle 162;162
Calle 162A;162A
Avenida 55B;55B
Avenida 53A;53A
Calle 180;180
Avenida 59;59
Calle 170A;170A
Calle 182;182
Calle 184;184
Avenida 49;49
Avenida 51A;51A
Avenida 51B;51B
Calle 180A;180A
Transversal 170A;Transversal 170A
Calle 178;178
Calle 176;176
Avenida 57A;57A
Calle 184;184
Calle 176A;176A
Calle 166C;166C
Calle 158;158
Calle 152;152
Avenida 53A;53A
Avenida 55A;55A
Avenida 55;55
Avenida 57;57
Calle 168;168
Avenida 49A;49A
Calle 168;168
Transversal 170;Transversal 170
Calle 170;170
Avenida 51;51
Avenida 55;55
Avenida 9;9
Avenida 31;31
Avenida 31A;31A
Avenida 31B;31B
Avenida 33;33
Calle 130A;130A
Avenida 13A;13A
Avenida 15A;15A
Calle 142;142
Calle 136A;136A
Avenida 27A;27A
Calle 140A;140A
Avenida 27B;27B
Calle 134A;134A
Calle 136;136
Calle 140;140
Calle 142A;142A
Calle 138B;138B
Calle 142B;142B
Calle 138C;138C
Calle 132A;132A
Avenida 19A;19A
Avenida 53;53
Avenida 45;45
Avenida 67;67
Avenida 65;65
Avenida 67;67
Avenida 65A;65A
Avenida 53;53
Avenida 55A;55A
Avenida 59C;59C
Calle 158A;158A
Avenida 63;63
Avenida 51;51
Transversal 162;Transversal 162
Avenida 59B;59B
Calle 160B;160B
Calle 162;162
Calle 158B;158B
Calle 166;166
Avenida 63A;63A
Calle 124B;124B
Calle 126;126
Calle 126B;126B
Calle 124A;124A
Calle 126A;126A
Calle 134B;134B
Calle 136B;136B
Calle 136A;136A
Calle 134A;134A
Calle 132A;132A
Calle 132B;132B
Calle 134;134
Diagonal 51;Diagonal 51
Avenida 37;37
Calle 138C;138C
Calle 140;140
Avenida 41A;41A
Avenida 41;41
Calle 140A;140A
Calle 138B;138B
Calle 138D;138D
Calle 142A;142A
Avenida 53A;53A
Calle 190;190
Avenida 55;55
Avenida 59A;59A
Avenida 59;59
Calle 162B;162B
Calle 162D;162D
Avenida 57A;57A
Avenida 55;55
Calle 176;176
Calle 152A;152A
Calle 148;148
Calle 148B;148B
Calle 150B;150B
Calle 150;150
Calle 154A;154A
Avenida 61A;61A
Calle 154A;154A
Calle 148C;148C
Calle 152C;152C
Avenida 33;33
Transversal 70A;Transversal 70A
Transversal 72;Transversal 72
Transversal 72;Transversal 72
Avenida 45;45
Avenida 49A;49A
Avenida 45;45
Calle 120;120
Avenida 37A;37A
Calle 120A;120A
Calle 112;112
Calle 114;114
Calle 114A;114A
Calle 112A;112A
Avenida 51;51
Calle 112;112
Avenida 33;33
Calle 108;108
Boulevard Ernesto Rohrmoser;Ernesto Rohrmoser
Avenida 41;41
Calle 130A;130A
Calle 132A;132A
Avenida 39;39
Calle 132;132
Calle 138A;138A
Diagonal 144A;Diagonal 144A
Calle 146A;146A
Avenida 51A;51A
Avenida 49;49
Calle 142;142
Avenida 29;29
Avenida 27;27
Avenida 33;33
Avenida 31A;31A
Calle 128;128
Avenida 25;25
Avenida 37;37
Calle 114;114
Calle 120A;120A
Avenida 25B;25B
Avenida 25A;25A
Avenida 25A;25A
Calle 130A;130A
Avenida 25;25
Calle 132;132
Calle 124;124
Calle 128;128
Calle 150;150
Calle 150;150
Calle 148A;148A
Calle 152B;152B
Calle 152A;152A
Calle 154;154
Calle 148B;148B
Calle 150B;150B
Calle 146;146
Calle 148;148
Calle 150A;150A
Calle 170;170
Avenida Elena Lahmann de Rohrmoser;Elena Lahmann Rohrmoser
Avenida Elena Lahmann de Rohrmoser;Elena Lahmann Rohrmoser
Avenida Aquileo J. Echeverría Zeledón;Aquileo J. Echeverría Zeledón
Calle 120;120
Avenida Elena Lahmann de Rohrmoser;Elena Lahmann Rohrmoser
Calle 124;124
Avenida 17;17
Calle 134;134
Calle 134;134
Calle 138A;138A
Avenida 47A;47A
Avenida 49A;49A
Avenida 51;51
Avenida 51;51
Avenida 53;53
Calle 100;100
Calle 102;102
Calle 120;120
Avenida 11;11
Calle 94;94
Calle Alexander Von Humboldt;Alexander Von Humboldt
Calle Alexander Von Humboldt;Alexander Von Humboldt
Diagonal 114;Diagonal 114
Vía 104;104
Calle 94B;94B
Calle 96;96
Avenida 27;27
Calle 110A;110A
Avenida 29;29
Calle 122A;122A
Transversal 122;Transversal 122
Avenida 35A;35A
Calle 142;142
Calle Dr. Carlos Durán;Dr. Carlos Durán
Calle 136;136
Avenida 29A;29A
Calle 136A;136A
Calle 134B;134B
Calle 132B;132B
Calle 134A;134A
Avenida 19A;19A
Calle 134;134
Calle 130A;130A
Calle 116;116
Transversal 130A;Transversal 130A
Calle 136;136
Avenida 39;39
Transversal 142;Transversal 142
Calle 100;100
Transversal 88;Transversal 88
Avenida 31A;31A
Avenida 35;35
Avenida 23C;23C
Calle 88;88
Avenida 23A;23A
Avenida 29;29
Calle 104;104
Avenida 45;45
Calle 98A;98A
Avenida 23A;23A
Avenida 23A;23A
Avenida 17A;17A
Calle 94;94
Calle 94;94
Calle 90A;90A
Calle 90;90
Transversal 78;Transversal 78
Avenida 17;17
Calle 88;88
Calle 96;96
Calle 86A;86A
Avenida 17;17
Avenida 25A;25A
Avenida 31;31
Avenida 35;35
Calle 150;150
Calle 154A;154A
Vía 104;104
Calle 156;156
Avenida 0N;0N
Calle 80A;80A
Avenida 2;2
Calle 80A;80A
Transversal 78;Transversal 78
Calle 76;76
Avenida 59;59
Calle 114;114
Avenida 61;61
Avenida 49;49
Avenida 31;31
Avenida 29;29
Avenida 33;33
Avenida 33A;33A
Avenida 35;35
Calle 82;82
Avenida 29;29
Avenida 41;41
Calle 86A;86A
Transversal 88;Transversal 88
Calle 88;88
Calle 88A;88A
Calle 88A;88A
Avenida 63;63
Avenida 51B;51B
Calle 160;160
Calle 162C;162C
Calle 164;164
Calle 166A;166A
Calle 166C;166C
Calle 166D;166D
Avenida 49;49
Calle 174C;174C
Avenida 51;51
Calle 186;186
Avenida 61;61
Calle 188;188
Avenida 57;57
Calle 186A;186A
Calle 188A;188A
Calle 190;190
Transversal 182;Transversal 182
Avenida 51B;51B
Calle 144;144
Avenida 63;63
Calle 188A;188A
Calle 184A;184A
Calle 184B;184B
Calle 184B;184B
Avenida 59B;59B
Avenida 59;59
Avenida 61;61
Avenida 57B;57B
Avenida 53;53
Avenida 57;57
Calle 174;174
Avenida 55C;55C
Calle 176A;176A
Calle 176B;176B
Avenida 53;53
Avenida 51;51
Calle 172;172
Calle 170D;170D
Calle 170;170
Calle 166A;166A
Calle 160;160
Avenida 51;51
Calle 154;154
Calle 76;76
Calle 144;144
Avenida 57;57
Avenida 57A;57A
Calle 150;150
Avenida 61A;61A
Calle 160A;160A
Calle 158A;158A
Calle 156C;156C
Calle 156D;156D
Calle 156;156
Calle 154C;154C
Calle 156;156
Calle 156A;156A
Calle 156B;156B
Diagonal 53;Diagonal 53
Transversal 162;Transversal 162
Avenida 59;59
Transversal 154B;Transversal 154B
Calle 152;152
Avenida 55;55
Calle 152;152
Avenida 57A;57A
Avenida 59;59
Calle 164A;164A
Calle 166;166
Calle 164;164
Avenida 63A;63A
Avenida 67A;67A
Calle 160;160
Calle 158B;158B
Avenida 59A;59A
Calle 162;162
Avenida 57B;57B
Avenida 57A;57A
Calle 158A;158A
Calle 156;156
Avenida 67;67
Avenida 45;45
Avenida 43A;43A
Avenida 43;43
Calle 90B;90B
Calle 90A;90A
Avenida 47;47
Calle 90;90
Calle 90B;90B
Calle 90A;90A
Avenida 45A;45A
Avenida 51;51
Avenida 53A;53A
Avenida 49A;49A
Avenida 49;49
Avenida 53;53
Calle 96A;96A
Avenida 47A;47A
Calle 94A;94A
Avenida 49;49
Calle 96;96
Avenida 55;55
Calle 96A;96A
Calle 88A;88A
Avenida 88A;88A
Calle 90;90
Avenida 17;17
Calle 80;80
Boulevard Ernesto Rohrmoser;Ernesto Rohrmoser
Boulevard Ernesto Rohrmoser;Ernesto Rohrmoser
Transversal 76;Transversal 76
Boulevard Ernesto Rohrmoser;Ernesto Rohrmoser
Boulevard Ernesto Rohrmoser;Ernesto Rohrmoser
Transversal 112;Transversal 112
Transversal 112;Transversal 112
Calle 112;112
Boulevard Ernesto Rohrmoser;Ernesto Rohrmoser
Diagonal 114;Diagonal 114
Calle 114;114
Calle 108;108
Calle 132;132
Avenida 55A;55A
Calle 168;168
Avenida 53;53
Calle 170;170
Calle 138;138
Calle 134A;134A
Avenida 11B;11B
Avenida 11A;11A
Calle 130;130
Avenida 9;9
Avenida 19;19
Calle 140A;140A
Calle 140;140
Calle 138;138
Calle 134A;134A
Calle 134;134
Transversal 188;Transversal 188
Calle 49C;49C
Calle 170A;170A
Calle 170B;170B
Calle 170C;170C
Calle 178;178
Calle 142C;142C
Avenida 27;27
Calle 144;144
Calle 126A;126A
Avenida 49A;49A
Transversal 98;Transversal 98
Boulevard Ernesto Rohrmoser;Ernesto Rohrmoser
Calle 106A;106A
Calle 106A;106A
Calle 108;108
Calle 108A;108A
Calle 106;106
Calle 110;110
Transversal 70;Transversal 70
Calle 76;76
Transversal 76;Transversal 76
Avenida 53A;53A
Transversal 74;Transversal 74
Calle 76;76
Calle 108;108
Calle 80A;80A
Calle 86;86
Calle 86;86
Calle Rafael Barroeta;Rafael Barroeta
Calle Rafael Barroeta;Rafael Barroeta
Transversal 70;Transversal 70
Avenida 31;31
Paseo de la Segunda República;Segunda República
Autopista Próspero Fernández;pista Próspero Fernández
Autopista Próspero Fernández;pista Próspero Fernández
Autopista Próspero Fernández;pista Próspero Fernández
Calle 106;106
Avenida Elena Lahmann de Rohrmoser;Elena Lahmann Rohrmoser
Avenida 9;9
Calle 112;112
Vía 104;104
Vía 104;104
Boulevard Ernesto Rohrmoser;Ernesto Rohrmoser
Calle 80A;80A
Boulevard Ernesto Rohrmoser;Ernesto Rohrmoser
Calle 88;88
Boulevard Ernesto Rohrmoser;Ernesto Rohrmoser
Calle 92A;92A
Boulevard Ernesto Rohrmoser;Ernesto Rohrmoser
Calle 94;94
Boulevard Ernesto Rohrmoser;Ernesto Rohrmoser
Avenida 39A;39A
Calle 108;108
Calle 108;108
Avenida 35A;35A
Avenida 31;31
Calle 108;108
Avenida 29;29
Calle 108;108
Calle Alexander Von Humboldt;Alexander Von Humboldt
Boulevard Ernesto Rohrmoser;Ernesto Rohrmoser
Calle 92;92
Avenida 25A;25A
Calle 80;80
Avenida 3A;3A
Avenida 3;3
Calle 86;86
Transversal 112;Transversal 112
Calle 154B;154B
Calle 156;156
Avenida 61;61
Avenida 59C;59C
Avenida 57B;57B
Calle 156;156
Calle 148A;148A
Calle 158A;158A
Calle 160;160
Transversal 142;Transversal 142
Calle 154;154
Puente Alfredo González Flores;Alfredo González Flores
Puente Alfredo González Flores;Alfredo González Flores
Calle 86;86
Calle 86;86
Calle 158;158
Avenida 63A;63A
Calle 154B;154B
Calle 154;154
Calle 152B;152B
Calle 152;152
Calle 150A;150A
Calle 150;150
Avenida 63;63
Calle 148;148
Calle 148A;148A
Avenida 61A;61A
Transversal 162A;Transversal 162A
Avenida 53A;53A
Calle 80A;80A
Avenida 39;39
Transversal 112;Transversal 112
Avenida 57A;57A
Avenida 57B;57B
Avenida 9;9
Calle 80;80
Calle 80;80
Avenida 51;51
Calle 118;118
Avenida 45A;45A
Avenida 39A;39A
Calle 108;108
Calle 108;108
Calle 108;108
Transversal 112;Transversal 112
Calle 108;108
Avenida 33;33
Calle 118;118
Avenida 43;43
Calle 122;122
Avenida 27;27
Calle 124;124
Avenida 29;29
Avenida 31;31
Boulevard Ernesto Rohrmoser;Ernesto Rohrmoser
Boulevard Ernesto Rohrmoser;Ernesto Rohrmoser
Calle 92;92
Calle 92;92
Avenida 25;25
Avenida 25;25
Avenida 25;25
Calle Los Varela;Los Varela
Calle 80A;80A
Avenida 2;2
Calle 80;80
Avenida 15A;15A
Calle 90;90
Calle 90;90
Calle 80;80
Calle 86A;86A
Avenida 53A;53A
Avenida 31;31
Avenida 31A;31A
Avenida 31B;31B
Avenida 31B;31B
Avenida 1;1
Calle Alexander Von Humboldt;Alexander Von Humboldt
Avenida 23A;23A
Avenida 17A;17A
Avenida 17A;17A
Calle 162B;162B
Avenida Aquileo J. Echeverría Zeledón;Aquileo J. Echeverría Zeledón
Calle 146;146
Avenida 51;51
Calle 112;112
Boulevard Ernesto Rohrmoser;Ernesto Rohrmoser
Boulevard Ernesto Rohrmoser;Ernesto Rohrmoser
Boulevard Ernesto Rohrmoser;Ernesto Rohrmoser
Calle 176;176
Calle 176;176
Calle 182A;182A
Calle 180;180
Avenida 49A;49A
Calle 160;160
Avenida 39;39
Avenida 39;39
Avenida 39;39
Calle 118;118
Vía 104;104
Calle 80A;80A
Calle 130;130
Calle 130;130
Vía 104;104
Avenida 27;27
Avenida 1;1
Calle 72;72
Calle 70;70
Calle 70;70
Calle 72;72
Vía 104;104
Avenida Joaquín García Monge;Joaquín García Monge
Avenida Eladio Prado Sáenz;Eladio Prado Sáenz
Calle José María Zeledón;José María Zeledón
Calle 40A;40A
Calle 68;68
Avenida 9;9
Calle Juan Rafael Chacón;Juan Rafael Chacón
Calle Teodorico Quirós;Teodorico Quirós
Avenida 7A;7A
Calle Luis Pasteur;Luis Pasteur
Avenida Mauro Fernández;Mauro Fernández
Avenida 3A;3A
Calle Juan Santamaría;Juan Santamaría
Calle Enrique Echandi;Enrique Echandi
Calle Dr. R.A. Grillo;Dr. R.A. Grillo
Calle Constantino Láscaris;Constantino Láscaris
Avenida 15A;15A
Calle Ricardo Rojas Vincenzi;Ricardo Rojas Vincenzi
Avenida 17;17
Avenida 11;11
Calle Enrique Echandi;Enrique Echandi
Avenida Manuel María de Peralta;Manuel María Peralta
Calle 76;76
Avenida 15;15
Calle 30A;30A
Calle Joaquín Vargas Coto;Joaquín Vargas Coto
Calle 32A;32A
Avenida 3A;3A
Calle 26;26
Avenida Mauro Fernández;Mauro Fernández
Calle 26A;26A
Transversal 26A;Transversal 26A
Calle Juan Rafael Mora Porras;Juan Rafael Mora Porras
Calle 68;68
Calle 80;80
Avenida 13;13
Calle 78;78
Calle 78A;78A
Avenida 1A;1A
Calle 76;76
Avenida 3;3
Calle Dr. R.A. Grillo;Dr. R.A. Grillo
Avenida UNESCO;UNESCO
Calle 70;70
Avenida 43;43
Calle 70;70
Avenida 17;17
Paseo de la Segunda República;Segunda República
Paseo de la Segunda República;Segunda República
Paseo de la Segunda República;Segunda República
Puente Juan Pablo II;Juan Pablo II
Autopista General Cañas;pista General Cañas
Puente Juan Pablo II;Juan Pablo II
Autopista General Cañas;pista General Cañas
Calle Juan Ramón Bonilla;Juan Ramón Bonilla
Paseo de la Segunda República;Segunda República
Avenida 37;37
Avenida 37;37
Avenida Joaquín García Monge;Joaquín García Monge
Calle Constantino Láscaris;Constantino Láscaris
Calle Monseñor Víctor M. Sanabria Martínez;Monseñor Víctor M. Sanabria Martínez
Avenida Carlos Gagini;Carlos Gagini
Avenida Manuel de Jesús Jiménez;Manuel Jesús Jiménez
Rotonda del Farolito;Farolito
Avenida El Farolito;El Farolito
Diagonal 9A;Diagonal 9A
Calle Justo A. Facio;Justo A. Facio
Avenida Presidente Roosevelt;Presidente Roosevelt
Calle Dr. Ricardo Moreno Cañas;Dr. Ricardo Moreno Cañas
Avenida Nicolás Marín;Nicolás Marín
Calle Tomás Guardia;Tomás Guardia
Avenida Manuel María de Peralta;Manuel María Peralta
Avenida Florencio del Castillo;Florencio Castillo
Avenida Nicolás Marín;Nicolás Marín
Avenida Manuel María de Peralta;Manuel María Peralta
Avenida Manuel María de Peralta;Manuel María Peralta
Avenida 13;13
Calle Ricardo Rojas Vincenzi;Ricardo Rojas Vincenzi
Calle 26;26
Calle 17A;17A
Calle Miguel Hidalgo y Costilla;Miguel Hidalgo y Costilla
Calle Clorito Picado;Clorito Picado
Avenida 11;11
Diagonal 11;Diagonal 11
Avenida UNESCO;UNESCO
Calle Guillermo Aguilar Machado;Guillermo Aguilar Machado
Calle 9;9
Calle 9A;9A
Avenida 9;9
Avenida El Farolito;El Farolito
Avenida Manuel de Jesús Jiménez;Manuel Jesús Jiménez
Avenida Carlos Gagini;Carlos Gagini
Calle Justo A. Facio;Justo A. Facio
Avenida 17;17
Calle Lisímaco Chavarría;Lisímaco Chavarría
Avenida 13A;13A
Avenida 9A;9A
Avenida 7;7
Avenida 13;13
Avenida 7;7
Transversal 56;Transversal 56
Diagonal 3A;Diagonal 3A
Calle Juan Ramón Bonilla;Juan Ramón Bonilla
Avenida 31;31
Avenida 27A;27A
Calle 68A;68A
Calle 58;58
Avenida 29;29
Calle 60;60
Calle 76;76
Transversal 74;Transversal 74
Calle 18;18
Calle 30;30
Calle 42;42
Calle Juan Santamaría;Juan Santamaría
Avenida 23;23
Avenida 21;21
Calle 6A;6A
Calle 60;60
Avenida 43;43
Avenida 45A;45A
Diagonal 21;Diagonal 21
Avenida 31A;31A
Calle 72;72
Avenida 31;31
Avenida 27;27
Diagonal 27;Diagonal 27
Calle 40A;40A
Avenida 41A;41A
Calle 42;42
Avenida 41;41
Calle 32;32
Calle 23;23
Calle 68B;68B
Calle Juan Rafael Chacón;Juan Rafael Chacón
Avenida Mauro Fernández;Mauro Fernández
Calle 10A;10A
Avenida Isabel La Católica;Isabel La Católica
Calle 18A;18A
Avenida 11;11
Calle 60;60
Calle 70A;70A
Calle 18;18
Calle Alfredo Volio;Alfredo Volio
Calle 64;64
Calle Miguel Hidalgo y Costilla;Miguel Hidalgo y Costilla
Avenida Presidente Roosevelt;Presidente Roosevelt
Calle Ricardo Rojas Vincenzi;Ricardo Rojas Vincenzi
Calle Mario Sancho;Mario Sancho
Avenida Manuel María de Peralta;Manuel María Peralta
Calle Joaquín Vargas Coto;Joaquín Vargas Coto
Transversal 26;Transversal 26
Avenida Joaquín García Monge;Joaquín García Monge
Avenida 15;15
Avenida Los Beirute;Los Beirute
Avenida 17;17
Calle Juan Rafael Chacón;Juan Rafael Chacón
Calle Juan Rafael Chacón;Juan Rafael Chacón
Calle Alfredo Volio;Alfredo Volio
Calle Alfredo Volio;Alfredo Volio
Calle Guillermo Aguilar Machado;Guillermo Aguilar Machado
Avenida 13;13
Calle 72;72
Avenida 55;55
Puente Yolanda Oreamuno;Yolanda Oreamuno
Calle 76;76
Avenida Manuel María de Peralta;Manuel María Peralta
Calle José María Zeledón;José María Zeledón
Calle 40A;40A
Calle Otilio Ulate Blanco;Otilio Ulate Blanco
Calle Otilio Ulate Blanco;Otilio Ulate Blanco
Avenida 13;13
Avenida 7;7
Avenida 5;5
Calle 30A;30A
Transversal 20;Transversal 20
Calle Constantino Láscaris;Constantino Láscaris
Calle Julio Fonseca Gutiérrez;Julio Fonseca Gutiérrez
Calle Monseñor Víctor M. Sanabria Martínez;Monseñor Víctor M. Sanabria Martínez
Calle Monseñor Víctor M. Sanabria Martínez;Monseñor Víctor M. Sanabria Martínez
Calle Miguel Hidalgo y Costilla;Miguel Hidalgo y Costilla
Calle 13;13
Avenida 11A;11A
Calle Tomás Guardia;Tomás Guardia
Avenida 7A;7A
Calle 42;42
Calle 68A;68A
Calle 48;48
Calle 50A;50A
Avenida 31;31
Avenida 29;29
Avenida 25A;25A
Calle 36;36
Transversal 16;Transversal 16
Transversal 16;Transversal 16
Avenida Carlos Gagini;Carlos Gagini
Calle Juan Santamaría;Juan Santamaría
Calle Juan Santamaría;Juan Santamaría
Transversal 16;Transversal 16
Transversal 16;Transversal 16
Autopista General Cañas;pista General Cañas
Calle 50;50
Calle José Joaquín Vargas Calvo;José Joaquín Vargas Calvo
Calle 54;54
Avenida 45;45
Calle 64;64
Avenida 13;13
Calle 28;28
Avenida 7B;7B
Calle Enrique Echandi;Enrique Echandi
Avenida Manuel Argüello Mora;Manuel Argüello Mora
Avenida de las Damas;Damas
Calle 30A;30A
Avenida Mauro Fernández;Mauro Fernández
Calle 23;23
Calle 23;23
Calle Julio Fonseca Gutiérrez;Julio Fonseca Gutiérrez
Calle 23;23
Autopista General Cañas;pista General Cañas
Autopista General Cañas;pista General Cañas
Calle Vargas;Vargas
Paseo de la Segunda República;Segunda República
Autopista General Cañas;pista General Cañas
Autopista General Cañas;pista General Cañas
Avenida 11;11
Calle Luisa;Luisa
Autopista General Cañas;pista General Cañas
Avenida 23;23
Transversal 74;Transversal 74
Avenida 43;43
Calle 44A;44A
Avenida Joaquín García Monge;Joaquín García Monge
Avenida 15;15
Avenida 31;31
Calle 40;40
Avenida Isabel La Católica;Isabel La Católica
Avenida 17A;17A
Calle Juan Santamaría;Juan Santamaría
Agrosuperior;
Calle Vicente Sáenz;Vicente Sáenz
Avenida Carlos Gagini;Carlos Gagini
Avenida 9;9
Calle 50B;50B
Avenida 23;23
Bavarian Motors;Bavarian Motors
Calle 74A;74A
Calle 58;58
Bavarian Motors;Bavarian Motors
Avenida 43B;43B
Avenida 43A;43A
Avenida 45B;45B
Avenida 45A;45A
Avenida 47A;47A
Avenida 45C;45C
Calle 54A;54A
Avenida 47;47
Calle 50;50
Calle 8A;8A
Calle Luis Pasteur;Luis Pasteur
Avenida 39;39
Avenida 19;19
Avenida 3B;3B
Avenida 17;17
Calle 20A;20A
Calle 44;44
Calle 46A;46A
Calle 48;48
Calle 50;50
Calle 62A;62A
Avenida 9B;9B
Calle 26B;26B
Avenida 21;21
Calle 60;60
Avenida 31;31
Avenida 39;39
Avenida 31;31
Calle 70;70
Calle 44;44
Transversal 29;Transversal 29
Calle Las Américas;Las Américas
Avenida 31;31
Transversal 20;Transversal 20
Avenida Presidente Roosevelt;Presidente Roosevelt
Transversal 30A;Transversal 30A
Calle Constantino Láscaris;Constantino Láscaris
Transversal 20;Transversal 20
Calle Constantino Láscaris;Constantino Láscaris
Calle Guillermo Aguilar Machado;Guillermo Aguilar Machado
Diagonal 51;Diagonal 51
Calle 72;72
Calle Libertad de Prensa;Libertad Prensa
Calle 50;50
Calle 54;54
Calle Pío Víquez;Pío Víquez
Avenida 11A;11A
Calle 46;46
Avenida 41;41
Calle Alfredo Volio;Alfredo Volio
Transversal 16;Transversal 16
Avenida 19;19
Diagonal 23;Diagonal 23
Diagonal 23;Diagonal 23
Avenida 33;33
Avenida 33;33
Avenida 37;37
Transversal 70A;Transversal 70A
Transversal 70A;Transversal 70A
Calle 70;70
Avenida 39;39
Calle 70;70
Transversal 72;Transversal 72
Calle 70;70
Calle 68;68
Boulevard Ernesto Rohrmoser;Ernesto Rohrmoser
Boulevard Ernesto Rohrmoser;Ernesto Rohrmoser
Calle 50;50
Avenida de Las Américas;Las Américas
Autopista General Cañas;pista General Cañas
Calle Padre Turcios;Padre Turcios
Calle Ismael Murillo;Ismael Murillo
Calle Ismael Murillo;Ismael Murillo
Calle Roberto Brenes Mesén;Roberto Brenes Mesén
Calle 74;74
Calle 64;64
Avenida 1A;1A
Calle 62;62
Avenida 27;27
Calle Libertad de Prensa;Libertad Prensa
Calle 68;68
Diagonal 39;Diagonal 39
Calle 66A;66A
Calle 68;68
Calle 68;68
Avenida 5;5
Avenida de Las Américas;Las Américas
Avenida 11;11
Avenida 35A;35A
Avenida 23A;23A
Calle Ricardo Rojas Vincenzi;Ricardo Rojas Vincenzi
Calle 48;48
Calle Luisa;Luisa
Calle 58;58
Avenida 11;11
Calle 58A;58A
Calle 42;42
Calle 62;62
Avenida 2;2
Avenida 1;1
Calle 72A;72A
Calle 74;74
Avenida 1;1
Calle 56;56
Calle 64;64
Diagonal 25A;Diagonal 25A
Calle 62A;62A
Calle 66A;66A
Calle 64;64
Avenida 25A;25A
Avenida 25;25
Avenida 23;23
Calle 52;52
Avenida 27;27
Calle 52;52
Avenida 29A;29A
Calle 50A;50A
Avenida 29;29
Calle 42;42
Avenida 33;33
Calle 33;33
Avenida 15;15
Avenida 53;53
Calle 68;68
Avenida 49;49
Avenida 51;51
Calle 76;76
Transversal 70A;Transversal 70A
Calle 58;58
Calle 56;56
Calle 46;46
Calle 52;52
Avenida 45A;45A
Calle 50A;50A
Avenida 45A;45A
Avenida 43A;43A
Calle 48A;48A
Calle 42;42
Calle 44;44
Avenida 45;45
Avenida 45A;45A
Avenida 41B;41B
Calle 36;36
Avenida 39A;39A
Calle 26A;26A
Calle 22A;22A
Calle 24;24
Calle 26;26
Avenida 31;31
Calle Juan Ramón Bonilla;Juan Ramón Bonilla
Calle Centro América;Centro América
Calle 8A;8A
Calle Centro América;Centro América
Avenida 19A;19A
Calle 6;6
Avenida 23A;23A
Calle 8A;8A
Avenida 21A;21A
Avenida 15;15
Avenida 15A;15A
Calle 6;6
Calle 17B;17B
Calle 11A;11A
Calle 11A;11A
Avenida 11;11
Avenida 11A;11A
Calle 11A;11A
Avenida Mauro Fernández;Mauro Fernández
Transversal 7;Transversal 7
Calle 3A;3A
Avenida Mauro Fernández;Mauro Fernández
Diagonal 3A;Diagonal 3A
Transversal 14;Transversal 14
Calle 22A;22A
Avenida 5A;5A
Avenida 13;13
Avenida Presidente Roosevelt;Presidente Roosevelt
Avenida Manuel María de Peralta;Manuel María Peralta
Calle 26A;26A
Calle Teodorico Quirós;Teodorico Quirós
Calle 6A;6A
Avenida 19;19
Diagonal 11;Diagonal 11
Calle 26;26
Calle 32;32
Avenida 9A;9A
Calle Alfredo Volio;Alfredo Volio
Avenida 3A;3A
Avenida 3A;3A
Calle Pío Víquez;Pío Víquez
Avenida Carlos Gagini;Carlos Gagini
Transversal 29;Transversal 29
Diagonal 9A;Diagonal 9A
Calle Roberto Brenes Mesén;Roberto Brenes Mesén
Calle Roberto Brenes Mesén;Roberto Brenes Mesén
Calle José Daniel Zúñiga;José Daniel Zúñiga
Calle Ismael Murillo;Ismael Murillo
Calle Pío Víquez;Pío Víquez
Calle 8;8
Calle 68;68
Avenida 39;39
Avenida 39;39
Avenida Carlos Gagini;Carlos Gagini
Calle Roberto Brenes Mesén;Roberto Brenes Mesén
Calle 64;64
Autopista General Cañas;pista General Cañas
Calle Julián Marchena;Julián Marchena
Calle 3A;3A
Avenida 45;45
Boulevard Ernesto Rohrmoser;Ernesto Rohrmoser
Avenida 27;27
Avenida 39;39
Avenida 39;39
Avenida 39;39
Transversal 16;Transversal 16
Diagonal 39;Diagonal 39
Diagonal 39 Cangrejos;Diagonal 39 Cangrejos
Transversal 16;Transversal 16
Transversal 20;Transversal 20
Avenida 3A;3A
Avenida 39;39
Avenida 43;43
Calle 32;32
Calle 54;54
Avenida 43;43
Calle 56;56
Calle Miguel Hidalgo y Costilla;Miguel Hidalgo y Costilla
Calle Vicente Sáenz;Vicente Sáenz
Avenida 25;25
Calle 22A;22A
Calle 22;22
Calle 24;24
Diagonal 11;Diagonal 11
Boulevard Ernesto Rohrmoser;Ernesto Rohrmoser
Calle 76;76
Avenida Mauro Fernández;Mauro Fernández
Calle Juan Rafael Mora Porras;Juan Rafael Mora Porras
Calle 54A;54A
Calle 52;52
Calle 38;38
Avenida Manuel María de Peralta;Manuel María Peralta
Calle 9;9
Calle Julio Fonseca Gutiérrez;Julio Fonseca Gutiérrez
Calle 48;48
Calle 66;66
Avenida 41B;41B
Calle 72A;72A
Avenida 53A;53A
Calle 30A;30A
Calle 30A;30A
Transversal 70;Transversal 70
Avenida Presidente Roosevelt;Presidente Roosevelt
Calle Juan Ramón Bonilla;Juan Ramón Bonilla
Avenida 3A;3A
Calle 18A;18A
Avenida 25;25
Calle 66A;66A
Calle Tomás Guardia;Tomás Guardia
Avenida 31;31
Avenida 31;31
Avenida 31;31
Avenida 9;9
Avenida de Las Américas;Las Américas
Calle 68;68
Avenida 45;45
Autopista General Cañas;pista General Cañas
Autopista General Cañas;pista General Cañas
Autopista General Cañas;pista General Cañas
Paseo de la Segunda República;Segunda República
Paseo de la Segunda República;Segunda República
Paseo de la Segunda República;Segunda República
Autopista General Cañas;pista General Cañas
Avenida 33;33
Autopista General Cañas;pista General Cañas
Autopista General Cañas;pista General Cañas
Autopista General Cañas;pista General Cañas
Calle 46;46
Calle 58A;58A
Calle 58A;58A
Avenida 3A;3A
Transversal 26;Transversal 26
Transversal 26;Transversal 26
Boulevard Ernesto Rohrmoser;Ernesto Rohrmoser
Avenida Presidente Roosevelt;Presidente Roosevelt
Calle Ricardo Rojas Vincenzi;Ricardo Rojas Vincenzi
Avenida Joaquín García Monge;Joaquín García Monge
Calle 26A;26A
Avenida 15A;15A
Calle Libertad de Prensa;Libertad Prensa
Autopista General Cañas;pista General Cañas
Calle 20A;20A
Avenida 13A;13A
Diagonal 41;Diagonal 41
Avenida 9;9
Transversal 14;Transversal 14
Calle Luis Pasteur;Luis Pasteur
Avenida 3A;3A
Avenida 37;37
Avenida 39;39
Avenida Mauro Fernández;Mauro Fernández
Calle 26;26
Autobanco;
Avenida El Farolito;El Farolito
Calle Ismael Murillo;Ismael Murillo
Avenida Manuel de Jesús Jiménez;Manuel Jesús Jiménez
Avenida Manuel María de Peralta;Manuel María Peralta
Avenida 39;39
Avenida 39;39
Avenida 39;39
Calle 70;70
Calle Vicente Sáenz;Vicente Sáenz
Avenida Joaquín García Monge;Joaquín García Monge
Calle Juan Santamaría;Juan Santamaría
Calle 18;18
Calle Dr. R.A. Grillo;Dr. R.A. Grillo
Avenida Joaquín García Monge;Joaquín García Monge
Calle Libertad de Prensa;Libertad Prensa
Calle 20A;20A
Transversal 72;Transversal 72
Calle 70A;70A
Calle 70A;70A
Autopista General Cañas;pista General Cañas
Calle 30A;30A
Avenida Mauro Fernández;Mauro Fernández
Calle Clorito Picado;Clorito Picado
Calle 15A;15A
Calle Miguel Hidalgo y Costilla;Miguel Hidalgo y Costilla
Calle Juan Santamaría;Juan Santamaría
Calle 15A;15A
Calle Teodoro Quirós;Teodoro Quirós
Calle 78;78
Calle 74;74
Avenida 13B;13B
Calle 60;60
Avenida 7;7
Avenida 7;7
Calle 70;70
Avenida 9;9
Calle 80;80
Avenida 9A;9A
Avenida 9A;9A
Avenida 9A;9A
Avenida 9A;9A
Calle 76;76
Calle 76;76
Avenida 3A;3A
Calle 68;68
Calle 68A;68A
Boulevard Ernesto Rohrmoser;Ernesto Rohrmoser
Avenida 1;1
Avenida Presidente Roosevelt;Presidente Roosevelt
Avenida 13;13
Avenida 3;3
Avenida de Las Américas;Las Américas
Avenida de Las Américas;Las Américas
Avenida de Las Américas;Las Américas
Avenida de Las Américas;Las Américas
Calle 76;76
Calle 76;76
Avenida 1;1
Calle 78;78
Calle 68;68
Avenida de Las Américas;Las Américas
Avenida de Las Américas;Las Américas
Avenida de Las Américas;Las Américas
Calle 42;42
Calle 42;42
Avenida de Las Américas;Las Américas
Calle Libertad de Prensa;Libertad Prensa
Calle 4;4
Avenida 33;33
Calle 26;26
Calle 68;68
Calle 68;68
Calle 68;68
Calle 68;68
Autopista General Cañas;pista General Cañas
Paseo de la Segunda República;Segunda República
Avenida de Las Américas;Las Américas
Calle Libertad de Prensa;Libertad Prensa
Avenida de Las Américas;Las Américas
Calle Libertad de Prensa;Libertad Prensa
Calle Dr. R.A. Grillo;Dr. R.A. Grillo
Avenida Mauro Fernández;Mauro Fernández
Calle Libertad de Prensa;Libertad Prensa
Avenida Presidente Roosevelt;Presidente Roosevelt
Calle Alfredo Volio;Alfredo Volio
Calle Alfredo Volio;Alfredo Volio
Calle Alfredo Volio;Alfredo Volio
Avenida 15;15
Avenida 29;29
Calle 28;28
Avenida 13;13
Calle 13;13
Calle José Daniel Zúñiga;José Daniel Zúñiga
Calle Otilio Ulate Blanco;Otilio Ulate Blanco
Calle Pío Víquez;Pío Víquez
Calle Juan Santamaría;Juan Santamaría
Calle Juan Santamaría;Juan Santamaría
Avenida Manuel de Jesús Jiménez;Manuel Jesús Jiménez
Avenida Mauro Fernández;Mauro Fernández
Calle Constantino Láscaris;Constantino Láscaris
Calle Vargas;Vargas
Calle 40A;40A
Calle Joaquín Vargas Coto;Joaquín Vargas Coto
Avenida Manuel María de Peralta;Manuel María Peralta
Calle 60;60
Calle Julio Fonseca Gutiérrez;Julio Fonseca Gutiérrez
Avenida Joaquín García Monge;Joaquín García Monge
Calle 54;54
Avenida 47;47
Avenida 45A;45A
Avenida 45A;45A
Avenida 43;43
Avenida 43;43
Avenida 9A;9A
Calle 80;80
Avenida 4;4
Calle 80A;80A
Avenida 6;6
Calle 80B;80B
Transversar 74;Transversar 74
Calle 78;78
Avenida 6;6
Autopista Próspero Fernández;pista Próspero Fernández
Avenida 4;4
Calle 86;86
Calle 92A;92A
Avenida 12;12
Avenida 12;12
Calle 92;92
Paseo de la Segunda República;Segunda República
Paseo de la Segunda República;Segunda República
Paseo de la Segunda República;Segunda República
Paseo de la Segunda República;Segunda República
Avenida Tiribí;Tiribí
Calle 76;76
Calle 94A;94A
Diagonal 12;Diagonal 12
Avenida 14;14
Calle 90;90
Avenida 8;8
Avenida 12A;12A
Calle 74;74
Vía 177;177
Paseo de la Segunda República;Segunda República
Paseo de la Segunda República;Segunda República
Paseo de la Segunda República;Segunda República
Calle 80;80
Avenida Adolfo Marie;Adolfo Marie
Calle 90;90
Calle 92A;92A
Calle 92B;92B
Avenida 2;2
Paseo de la Segunda República;Segunda República
Avenida 8;8
Calle 92C;92C
Calle 82A;82A
Calle 80A;80A
Avenida 12;12
Calle 92;92
Calle 88;88
Diagonal 14;Diagonal 14
Calle 92B;92B
Avenida 16A;16A
Calle 82;82
Avenida 20;20
Avenida 20A;20A
Avenida 20B;20B
Avenida 20C;20C
Calle 78A;78A
Calle 78;78
Calle 76D;76D
Avenida 18;18
Calle 76C;76C
Avenida 18A;18A
Avenida 20C;20C
Calla 76B;Calla 76B
Calle 76C;76C
Avenida 20A;20A
Avenida 20B;20B
Calle 74E;74E
Calle 76A;76A
Calle 76;76
Calle 74D;74D
Calle 74C;74C
Calle 94;94
Autopista Próspero Fernández;pista Próspero Fernández
Autopista Próspero Fernández;pista Próspero Fernández
Autopista Próspero Fernández;pista Próspero Fernández
Avenida Tiribí;Tiribí
Calle 92;92
Calle 92;92
Calle Joaquín Bernardo Calvo;Joaquín Bernardo Calvo
Avenida Nosara;Nosara
Avenida 12;12
Avenida 12;12
Avenida 12;12
Avenida 12;12
Avenida 12;12
Calle 94;94
Avenida 12;12
Calle 11;11
Calle 68A;68A
Calle 70;70
Calle 72;72
Vía 104;104
Avenida Eladio Prado Sáenz;Eladio Prado Sáenz
Calle Libertad de Prensa;Libertad Prensa
Calle 44;44
Avenida José Cecilio del Valle;José Cecilio Valle
Avenida Pedro Molina;Pedro Molina
Calle 22;22
Calle José María Zeledón;José María Zeledón
Calle Sor María Romero;Sor María Romero
Transversar 74;Transversar 74
Diagonal 32;Diagonal 32
Avenida 36;36
Avenida 34;34
Calle 17;17
Calle 15;15
Avenida 36A;36A
Calle 15A;15A
Calle 17A;17A
Calle Juan Rafael Chacón;Juan Rafael Chacón
Calle Teodorico Quirós;Teodorico Quirós
Calle Luis Pasteur;Luis Pasteur
Avenida Omar Dengo;Omar Dengo
Avenida Monseñor Castro Jiménez;Monseñor Castro Jiménez
Avenida Estado de Israel;Estado Israel
Calle Constantino Láscaris;Constantino Láscaris
Calle Tomás Guardia;Tomás Guardia
Calle José Campabadal;José Campabadal
Calle Enrique Echandi;Enrique Echandi
Calle Mario Sancho;Mario Sancho
Calle Moisés Vincenzi;Moisés Vincenzi
Calle 22;22
Avenida Dr. Adolfo Carit;Dr. Adolfo Carit
Calle Juan Rafael Mora Porras;Juan Rafael Mora Porras
Avenida 30;30
Avenida 26;26
Calle Juan Rafael Mora Porras;Juan Rafael Mora Porras
Avenida 24;24
Avenida 20B;20B
Calle Luis Pasteur;Luis Pasteur
Paseo Colón;Colón
Avenida Eladio Prado Sáenz;Eladio Prado Sáenz
Calle Libertad de Prensa;Libertad Prensa
Rotonda Rancho Guanacaste;Rancho Guanacaste
Vía 110;110
Vía 110;110
Paseo de la Segunda República;Segunda República
Vía 110;110
Vía 110;110
Calle 12;12
Calle 12;12
Vía 214;214
Vía 214;214
Rotonda La Guacamaya;La Guacamaya
Calle 5;5
Calle 5;5
Calle Alfredo Volio;Alfredo Volio
Calle Alfredo Volio;Alfredo Volio
Calle Central;Central
Calle Central;Central
Calle 11;11
Calle 11;11
Calle 11;11
Calle 11;11
Calle 11;11
Paseo de la Segunda República;Segunda República
Vía 209;209
Paseo de la Segunda República;Segunda República
Calle 21;21
Vía 209;209
Calle 57A;57A
Avenida 32;32
Vía 215;215
Vía 215;215
Avenida Estado de Israel;Estado Israel
Avenida 12;12
Calle Morenos;Morenos
Calle del Golf;Golf
Calle Álvarez;Álvarez
Calle 60;60
Calle 62;62
Avenida 12A;12A
Avenida 14;14
Calle Lang;Lang
Avenida 16A;16A
Avenida Campos;Campos
Calle 34A;34A
Calle Pío Víquez;Pío Víquez
Calle José María Zeledón;José María Zeledón
Avenida 16B;16B
Avenida 16A;16A
Avenida 18;18
Calle 50A;50A
Avenida 16B;16B
Calle 60;60
Vía 110;110
Vía 110;110
Vía 110;110
Calle 18;18
Calle Jorge Vargas Gené;Jorge Vargas Gené
Avenida República de Panamá;República Panamá
Calle Jorge Vargas Gené;Jorge Vargas Gené
Calle Jorge Vargas Gené;Jorge Vargas Gené
Calle Jorge Vargas Gené;Jorge Vargas Gené
Avenida República de Panamá;República Panamá
Avenida Pedro Molina;Pedro Molina
Calle 18C;18C
Avenida 12A;12A
Vía 110;110
Vía 110;110
Vía 110;110
Vía 204;204
Avenida 20;20
Avenida 20;20
Calle 53;53
Calle 55;55
Avenida 34;34
Calle 57;57
Calle 51;51
Calle 53;53
Transversal 37;Transversal 37
Calle 43;43
Calle Los Mora;Los Mora
Calle 35A;35A
Calle 35;35
Calle Constantino Láscaris;Constantino Láscaris
Calle Ismael Murillo;Ismael Murillo
Calle Roberto Brenes Mesén;Roberto Brenes Mesén
Avenida Libertador Juan Rafael Mora Porras;Libertador Juan Rafael Mora Porras
Calle Monseñor Víctor M. Sanabria Martínez;Monseñor Víctor M. Sanabria Martínez
Calle Manuel María Gutiérrez;Manuel María Gutiérrez
Calle Alberto Brenes Córdoba;Alberto Brenes Córdoba
Avenida Presidente Roosevelt;Presidente Roosevelt
Calle Miguel Hidalgo y Costilla;Miguel Hidalgo y Costilla
Calle Rafael Chaves;Rafael Chaves
Calle Julio Fonseca Gutiérrez;Julio Fonseca Gutiérrez
Calle 9A;9A
Avenida 3A;3A
Avenida Mauro Fernández;Mauro Fernández
Calle 13;13
Avenida Estado de Israel;Estado Israel
Calle Tomás Guardia;Tomás Guardia
Calle 13;13
Calle 19;19
Transversal 13;Transversal 13
Paseo de los Estudiantes;Estudiantes
Avenida Domingo Sarmiento;Domingo Sarmiento
Calle 23;23
Calle 25A;25A
Avenida 24A;24A
Avenida 24;24
Avenida 22;22
Calle 13;13
Calle 17;17
Transversal 19A;Transversal 19A
Paseo Calderón Muñoz;Calderón Muñoz
Calle 19B;19B
Diagonal 26;Diagonal 26
Avenida 28B;28B
Calle 31;31
Avenida 26A;26A
Avenida 26B;26B
Avenida 26B;26B
Avenida Dr. Adolfo Carit;Dr. Adolfo Carit
Calle 11;11
Calle 11;11
Calle Tomás Guardia;Tomás Guardia
Paseo Calderón Muñoz;Calderón Muñoz
Paseo Calderón Muñoz;Calderón Muñoz
Avenida Dr. Adolfo Carit;Dr. Adolfo Carit
Avenida Dr. Adolfo Carit;Dr. Adolfo Carit
Avenida Dr. Adolfo Carit;Dr. Adolfo Carit
Avenida 44;44
Avenida 46;46
Calle 7A;7A
Calle 3;3
Avenida 34A;34A
Diagonal 32;Diagonal 32
Calle AE;AE
Calle 1;1
Calle 1A;1A
Avenida 36;36
Calle 5B;5B
Calle 5A;5A
Calle 5;5
Calle 3B;3B
Avenida 36;36
Calle Rafael Chaves;Rafael Chaves
Calle Alejandro Monestel;Alejandro Monestel
Paseo Calderón Muñoz;Calderón Muñoz
Calle 7;7
Calle 7;7
Avenida 22A;22A
Calle Manuel María Gutiérrez;Manuel María Gutiérrez
Calle José María Cañas;José María Cañas
Avenida 30;30
Calle 11;11
Calle 11;11
Calle Rafael Chaves;Rafael Chaves
Calle Rafael Chaves;Rafael Chaves
Calle Alfredo Volio;Alfredo Volio
Calle Alfredo Volio;Alfredo Volio
Diagonal 26;Diagonal 26
Calle Alfredo Volio;Alfredo Volio
Avenida 24A;24A
Avenida 26;26
Calle 12;12
Avenida 32;32
Calle 12;12
Calle 12;12
Avenida 32A;32A
Diagonal 34;Diagonal 34
Avenida 40;40
Transversal 4A;Transversal 4A
Calle 8;8
Calle 8;8
Transversal 4;Transversal 4
Calle 6;6
Avenida 42;42
Calle 10A;10A
Calle 10;10
Calle 8;8
Avenida 46;46
Avenida 36;36
Avenida 36;36
Avenida 36;36
Calle Tomás Guardia;Tomás Guardia
Avenida 34;34
Avenida República de Panamá;República Panamá
Avenida Cleto González Víquez;Cleto González Víquez
Calle Alfredo Volio;Alfredo Volio
Calle José María Cañas;José María Cañas
Avenida Cleto González Víquez;Cleto González Víquez
Calle 16A;16A
Paseo Calderón Muñoz;Calderón Muñoz
Calle 18;18
Calle 24;24
Calle 22;22
Calle 20A;20A
Calle 30;30
Calle 28;28
Calle 26A;26A
Calle 26;26
Calle 26;26
Avenida 32;32
Avenida 32;32
Diagonal 32;Diagonal 32
Calle 18C;18C
Calle 18B;18B
Avenida 30A;30A
Avenida 28A;28A
Calle 32;32
Calle Pacuare;Pacuare
Calle 44A;44A
Tranversal 34;Tranversal 34
Avenida Tempisque;Tempisque
Transversal 34;Transversal 34
Calle Sixaola;Sixaola
Calle Térraba;Térraba
Calle Sarapiquí;Sarapiquí
Avenida Tárcoles;Tárcoles
Avenida 36;36
Avenida 36;36
Avenida Carlos Gagini;Carlos Gagini
Calle Justo A. Facio;Justo A. Facio
Calle Lisímaco Chavarría;Lisímaco Chavarría
Diagonal 18;Diagonal 18
Diagonal 26;Diagonal 26
Calle Dr. R.A. Grillo;Dr. R.A. Grillo
Avenida República de Panamá;República Panamá
Calle Juan Ramón Bonilla;Juan Ramón Bonilla
Calle Teodorico Quirós;Teodorico Quirós
Avenida República de Panamá;República Panamá
Calle Dr. R.A. Grillo;Dr. R.A. Grillo
Paseo de la Segunda República;Segunda República
Calle Morenos;Morenos
Avenida Nosara;Nosara
Avenida Juan Rafael Mora;Juan Rafael Mora
Calle Fernando Streber;Fernando Streber
Calle Nazario Toledo;Nazario Toledo
Calle Emilio Segura;Emilio Segura
Calle Miguel Hidalgo y Costilla;Miguel Hidalgo y Costilla
Calle 13;13
Calle Ricardo Fernández Guardia;Ricardo Fernández Guardia
Avenida Anastasio Alfaro;Anastasio Alfaro
Calle 27A;27A
Calle Eduardo Calsamiglia;Eduardo Calsamiglia
Calle 41;41
Calle Alejandro Alvarado Quirós;Alejandro Alvarado Quirós
Calle 39;39
Calle 43;43
Avenida 16;16
Calle Ismael Murillo;Ismael Murillo
Avenida República de Chile;República Chile
Transversal 15;Transversal 15
Avenida 12A;12A
Transversal 17;Transversal 17
Avenida 16;16
Diagonal 12;Diagonal 12
Diagonal 18A;Diagonal 18A
Diagonal 16;Diagonal 16
Transversal 21;Transversal 21
Calle 29;29
Plaza 28;28
Calle 23;23
Avenida 32;32
Avenida 30;30
Calle 33;33
Avenida 28A;28A
Calle 29B;29B
Avenida 28A;28A
Calle 25;25
Avenida 34;34
Avenida 34A;34A
Calle 31;31
Calle 31A;31A
Calle 21A;21A
Calle 23;23
Transversal 21A;Transversal 21A
Avenida 38;38
Avenida 36A;36A
Avenida 36B;36B
Avenida 38A;38A
Calle 21A;21A
Plaza 28A;28A
Calle 21A;21A
Calle 21B;21B
Calle 21B;21B
Calle 17;17
Calle 72;72
Calle 21;21
Vía 211;211
Transversal 47;Transversal 47
Calle 55;55
Calle 51B;51B
Diagonal 30;Diagonal 30
Avenida 34;34
Diagonal 34;Diagonal 34
Calle 39;39
Diagonal 36;Diagonal 36
Calle 41;41
Calle 47;47
Calle 55;55
Avenida 20B;20B
Calle Luis Pasteur;Luis Pasteur
Calle 67B;67B
Calle 59;59
Diagonal 68;Diagonal 68
Calle 29;29
Calle 31;31
Avenida 54;54
Avenida 52;52
Calle 25;25
Calle 25;25
Calle 41;41
Calle 37;37
Calle 45;45
Avenida 54;54
Calle 49;49
Vía 207;207
Avenida 54A;54A
Avenida 56;56
Avenida 58;58
Avenida 58A;58A
Avenida 60;60
Avenida 52;52
Avenida 56;56
Avenida 52;52
Avenida 48;48
Calle 35;35
Calle 33;33
Transversal 35;Transversal 35
Calle 37;37
Calle 39;39
Avenida 46;46
Calle 31;31
Calle 33;33
Calle 45;45
Calle 41;41
Calle 43;43
Avenida 62;62
Avenida 62A;62A
Calle 45A;45A
Calle 45B;45B
Calle 47;47
Calle 37A;37A
Calle 37;37
Calle 35A;35A
Avenida 66A;66A
Avenida 60A;60A
Avenida 64A;64A
Calle 53;53
Calle 55;55
Calle 49A;49A
Calle 49B;49B
Calle 57;57
Calle 51C;51C
Calle 55;55
Avenida 50;50
Avenida 50A;50A
Calle 15;15
Avenida 50A;50A
Calle 11A;11A
Calle 11B;11B
Calle 13;13
Avenida 48;48
Calle 1;1
Avenida 50A;50A
Avenida 50A;50A
Avenida 52;52
Calle 1;1
Avenida 54;54
Avenida 56;56
Avenida 56A;56A
Diagonal 52;Diagonal 52
Vía 214;214
Calle Costa Rica;Costa Rica
Calle 50;50
Calle Bolivia;Bolivia
Calle Francia;Francia
Avenida 36;36
Avenida 40;40
Calle Colombia;Colombia
Calle Costa Rica;Costa Rica
Calle 58B;58B
Calle 32;32
Vía 110;110
Transversal 0;Transversal 0
Transversal 11;Transversal 11
Calle 11;11
Calle 11;11
Vía 175;175
Vía 175;175
Vía 175;175
Avenida 62;62
Avenida 48;48
Calle 34;34
Avenida 46;46
Calle 38;38
Avenida 44;44
Calle 30A;30A
Avenida 48;48
Avenida 48A;48A
Calle 30;30
Avenida 44A;44A
Avenida Pipianes;Pipianes
Calle 16;16
Avenida 50;50
Calle 24;24
Calle 24B;24B
Calle 22;22
Calle 26;26
Avenida 42B;42B
Calle 24;24
Calle 26B;26B
Avenida 42;42
Avenida 40;40
Avenida 42A;42A
Calle 16B;16B
Avenida 42A;42A
Avenida 44;44
Avenida 44B;44B
Avenida 38A;38A
Calle 18;18
Transversal 12;Transversal 12
Calle 20;20
Avenida 44A;44A
Calle 24;24
Avenida 42;42
Avenida 46A;46A
Calle 32;32
Calle 40B;40B
Calle Ecuador;Ecuador
Avenida España;España
Avenida Dinamarca;Dinamarca
Calle Dominicana;Dominicana
Calle Bolivia;Bolivia
Avenida Grecia;Grecia
Calle 56;56
Avenida Italia;Italia
Avenida Nicaragua;Nicaragua
Avenida Panamá;Panamá
Calle La Unión;La Unión
Calle 52;52
Avenida 28A;28A
Calle Panamá;Panamá
Calle 50A;50A
Paseo Américal del Sur;Américal Sur
Paseo de la Segunda República;Segunda República
Paseo de la Segunda República;Segunda República
Paseo de la Segunda República;Segunda República
Circunvalación;Circunvalación
Paseo Américal del Sur;Américal Sur
Calle 66;66
Avenida Hungría;Hungría
Paseo Honduras;Honduras
Avenida de El Salvador;El Salvador
Paseo Venezuela;Venezuela
Avenida Holanda;Holanda
Paseo Chile;Chile
Avenida Hogar Propio;Hogar Propio
Avenida 42;42
Vía 204;204
Calle 39A;39A
Vía 209;209
Vía 209;209
Calle Julián Marchena;Julián Marchena
Avenida Carmen Lyra;CarmLyra
Calle Julián Marchena;Julián Marchena
Avenida José María Alfaro Cooper;José María Alfaro Cooper
Calle 34;34
Transversal 24;Transversal 24
Calle 13;13
Calle Clorito Picado;Clorito Picado
Avenida Libertador Juan Rafael Mora Porras;Libertador Juan Rafael Mora Porras
Paseo Rubén Darío;Rubén Darío
Avenida Los Andes;Los Andes
Paseo Colón;Colón
Avenida Jenaro Cardona;Jenaro Cardona
Transversal 12;Transversal 12
Calle 12;12
Avenida 60;60
Avenida 62;62
Calle 4A;4A
Avenida 60A;60A
Avenida 46;46
Calle 47;47
Avenida 26;26
Calle 19A;19A
Calle 27A;27A
Avenida Rogelio Fernández Güell;Rogelio Fernández Güell
Calle Teodorico Quirós;Teodorico Quirós
Rotonda de San Sebastián;San Sebastián
Rotonda de San Sebastián;San Sebastián
Rotonda de San Sebastián;San Sebastián
Calle 18;18
Avenida 12;12
Avenida 12;12
Calle Roberto Brenes Mesén;Roberto Brenes Mesén
Paseo de los Estudiantes;Estudiantes
Avenida Rafael Francisco Osejo;Rafael Francisco Osejo
Paseo de la Segunda República;Segunda República
Calle Padre Turcios;Padre Turcios
Avenida Jenaro Cardona;Jenaro Cardona
Avenida Jenaro Cardona;Jenaro Cardona
Avenida 2A;2A
Avenida 1A;1A
Avenida Rogelio Fernández Güell;Rogelio Fernández Güell
Calle Roberto Brenes Mesén;Roberto Brenes Mesén
Avenida José María Alfaro Cooper;José María Alfaro Cooper
Calle Julián Marchena;Julián Marchena
Calle Rafael Chaves;Rafael Chaves
Avenida 14;14
Diagonal 14;Diagonal 14
Avenida Domingo Sarmiento;Domingo Sarmiento
Calle Alejandro Monestel;Alejandro Monestel
Avenida Mauro Fernández;Mauro Fernández
Calle Juan Ramón Bonilla;Juan Ramón Bonilla
Avenida 34;34
Calle Joaquín Vargas Coto;Joaquín Vargas Coto
Calle Padre Turcios;Padre Turcios
Calle Ricardo Rojas Vincenzi;Ricardo Rojas Vincenzi
Calle Mario Sancho;Mario Sancho
Calle Vicente Sáenz;Vicente Sáenz
Calle Joaquín Vargas Coto;Joaquín Vargas Coto
Calle 18A;18A
Calle 16A;16A
Avenida San Martín;San Martín
Avenida San Martín;San Martín
Calle Luis Pasteur;Luis Pasteur
Calle José María Cañas;José María Cañas
Calle 13;13
Avenida Cleto González Víquez;Cleto González Víquez
Calle 41A;41A
Avenida 26;26
Calle 5A;5A
Avenida 10A;10A
Paseo de los Estudiantes;Estudiantes
Calle 9;9
Avenida 14A;14A
Avenida 8;8
Avenida 12A;12A
Calle 74;74
Calle 13A;13A
Avenida 32;32
Avenida 42A;42A
Transversal 3;Transversal 3
Calle 7;7
Calle 0A;0A
Avenida 48A;48A
Calle 4A;4A
Calle 4A;4A
Calle 4;4
Calle 4B;4B
Calle 4;4
Avenida 52;52
Calle 8;8
Calle 5;5
Calle 27;27
Calle 25A;25A
Calle 27;27
Avenida 54A;54A
Calle 29A;29A
Calle 27;27
Calle 33A;33A
Calle 31;31
Calle 29A;29A
Calle 19A;19A
Diagonal 58;Diagonal 58
Avenida 60A;60A
Calle 27;27
Calle Ismael Murillo;Ismael Murillo
Calle 15A;15A
Calle Juan Rafael Mora Porras;Juan Rafael Mora Porras
Calle Juan Rafael Mora Porras;Juan Rafael Mora Porras
Avenida 56;56
Diagonal 66;Diagonal 66
Calle 54A;54A
Calle 54B;54B
Calle 36;36
Avenida 54;54
Calle 42;42
Vía 177;177
Vía 177;177
Vía 214;214
Vía 214;214
Calle 42;42
Calle Joaquín Bernardo Calvo;Joaquín Bernardo Calvo
Avenida 26;26
Calle 22;22
Calle 66;66
Avenida 18C;18C
Avenida 18B;18B
Calle 30;30
Calle 26;26
Avenida 60A;60A
Calle 24;24
Avenida 54;54
Calle 22;22
Avenida 54A;54A
Calle 22;22
Calle 30C;30C
Diagonal 18A;Diagonal 18A
Calle 70;70
Calle 74;74
Avenida 34A;34A
Avenida 50A;50A
Calle 34B;34B
Calle 34;34
Avenida 36;36
Avenida Nosara;Nosara
Avenida Nosara;Nosara
Avenida 34;34
Avenida 32B;32B
Avenida 20A;20A
Avenida 26A;26A
Avenida 48A;48A
Calle 24;24
Paseo Calderón Muñoz;Calderón Muñoz
Avenida 32A;32A
Avenida 32;32
Avenida 22A;22A
Avenida 32;32
Calle 68A;68A
Calle Costa Rica;Costa Rica
Avenida 12A;12A
Calle José Joaquín Vargas Calvo;José Joaquín Vargas Calvo
Avenida 36;36
Calle 49;49
Calle 31A;31A
Calle 31B;31B
Calle 43;43
Calle 61;61
Avenida 54;54
Avenida Rogelio Fernández Güell;Rogelio Fernández Güell
Calle 29;29
Avenida 60;60
Vía 204;204
Calle 49A;49A
Vía 177;177
Transversal 56;Transversal 56
Calle 62;62
Paseo Simón Bolívar;Simón Bolívar
Vía 211;211
Circunvalación;Circunvalación
Paseo de la Segunda República;Segunda República
Circunvalación;Circunvalación
Avenida 24A;24A
Avenida 26;26
Calle 63;63
Avenida de las Damas;Damas
Avenida San Martín;San Martín
Avenida Anastasio Alfaro;Anastasio Alfaro
Calle Rafael Ángel Troyo;Rafael Ángel Troyo
Avenida 62A;62A
Avenida 36B;36B
Avenida 56A;56A
Calle 40;40
Calle Libertad de Prensa;Libertad Prensa
Calle 22;22
Diagonal 24;Diagonal 24
Avenida 8A;8A
Boulevard del Bosque;Bosque
Transversal 36;Transversal 36
Calle 21;21
Boulevard del Bosque;Bosque
Avenida 56;56
Calle 22;22
Calle Tomás Guardia;Tomás Guardia
Avenida Simón Bolívar;Simón Bolívar
Avenida 50A;50A
Calle 32;32
Avenida 50;50
Avenida 56;56
Calle 64C;64C
Calle 64B;64B
Calle 64A;64A
Calle 68A;68A
Calle 68;68
Calle 66D;66D
Calle 66C;66C
Calle 66B;66B
Calle 70;70
Calle 68B;68B
Calle 60A;60A
Avenida 34;34
Calle 31;31
Calle 35;35
Avenida 68;68
Avenida Adolfo Marie;Adolfo Marie
Avenida Castro Madriz;Castro Madriz
Calle 17A;17A
Paseo de la Segunda República;Segunda República
Paseo de la Segunda República;Segunda República
Calle Dr. R.A. Grillo;Dr. R.A. Grillo
Avenida Monseñor Castro Jiménez;Monseñor Castro Jiménez
Avenida 20A;20A
Calle Sor María Romero;Sor María Romero
Avenida José Fabio Garnier;José Fabio Garnier
Calle 31;31
Avenida 26;26
Calle 64D;64D
Calle 64A;64A
Calle 64;64
Calle 62A;62A
Calle 64C;64C
Calle 68;68
Calle 64B;64B
Calle 66A;66A
Calle 62B;62B
Calle 49;49
Calle 42A;42A
Calle 38B;38B
Calle 40;40
Avenida 56;56
Calle 40B;40B
Calle 42;42
Calle 40A;40A
Calle 42B;42B
Calle 8A;8A
Avenida 32;32
Avenida 20;20
Avenida 26;26
Calle 42;42
Transversal 25A;Transversal 25A
Avenida 6A;6A
Calle José Martí;José Martí
SkyTrace;
Calle Juan Rafael Mora Porras;Juan Rafael Mora Porras
Avenida 66A;66A
Calle 32A;32A
Calle Ismael Murillo;Ismael Murillo
Calle 23;23
Calle 11;11
Calle 25A;25A
Calle 25;25
Calle 17B;17B
Calle 27;27
Avenida de las Damas;Damas
Avenida Isabel La Católica;Isabel La Católica
Calle Jorge Vargas Gené;Jorge Vargas Gené
Calle 56;56
Avenida 12;12
Calle Dr. Ricardo Moreno Cañas;Dr. Ricardo Moreno Cañas
Avenida 16;16
Avenida 66;66
Diagonal 48;Diagonal 48
Calle 0A;0A
Paseo de los Estudiantes;Estudiantes
Calle Fernando Streber;Fernando Streber
Transversal 56;Transversal 56
Avenida 66A;66A
Avenida 46B;46B
Diagonal 34;Diagonal 34
Avenida 38;38
Avenida 46;46
Avenida 46;46
Avenida 48;48
Calle 50;50
Calle 50;50
Calle 50A;50A
Avenida 48A;48A
Avenida Dinamarca;Dinamarca
Avenida Alemania;Alemania
Acera Castillo Viejo;Acera Castillo Viejo
Alameda Santa Rosa;Alameda Santa Rosa
Alameda Sardinal;Alameda Sardinal
Alameda San Juan del Sur;Alameda San Juan del Sur
Alameda Luis Pacheco;Alameda Luis Pacheco
Alameda Joaquín Rosales;Alameda Joaquín Rosales
Alameda Juan Santamaría;Alameda Juan Santamaría
Calle 12A;12A
Calle 14A;14A
Calle 6A;6A
Avenida 68A;68A
Avenida 62B;62B
Avenida 60A;60A
Calle 12;12
Avenida 64;64
Calle 14;14
Calle 8;8
Avenida 66;66
Calle 14B;14B
Avenida 66;66
Calle 10A;10A
Calle 24;24
Calle 30B;30B
Transversal 36A;Transversal 36A
Avenida 58;58
Calle 28;28
Avenida 58A;58A
Avenida 54;54
Calle 30A;30A
Transversal 36B;Transversal 36B
Calle 24A;24A
Calle 32A;32A
Calle 32A;32A
Diagonal 62;Diagonal 62
Calle 36A;36A
Calle 24;24
Diagonal 58A;Diagonal 58A
Calle 32B;32B
Calle 32B;32B
Calle 18A;18A
Diagonal 58;Diagonal 58
Calle 32;32
Avenida 60A;60A
Calle 32C;32C
Transversal 22;Transversal 22
Calle 30A;30A
Avenida 62;62
Transversal 36C;Transversal 36C
Diagonal 62B;Diagonal 62B
Transversal 28A;Transversal 28A
Avenida 68;68
Calle 24A;24A
Calle 36B;36B
Avenida 56A;56A
Calle 26;26
Avenida 56;56
Calle 30;30
Avenida 66A;66A
Calle 0B;0B
Avenida 66B;66B
Calle BE;BE
Avenida 68;68
Calle Central;Central
Avenida 36A;36A
Calle 48;48
Calle 52A;52A
Avenida 38;38
Avenida 38A;38A
Avenida 40A;40A
Avenida 40B;40B
Calle 50B;50B
Calle 52;52
Rotonda de San Sebastián;San Sebastián
Calle 19A;19A
Calle 21;21
Calle 19;19
Avenida 50A;50A
Avenida 52A;52A
Avenida 38;38
Avenida 52;52
Avenida 36A;36A
Calle 40;40
Avenida 38;38
Avenida 54A;54A
Calle 44;44
Calle 22;22
Calle 20A;20A
Calle 18;18
Calle 26;26
Calle 18A;18A
Calle 18A;18A
Avenida 48A;48A
Calle 22;22
Avenida 32A;32A
Avenida 48;48
Calle 8;8
Avenida 50;50
Calle Tabacalera;Tabacalera
Avenida 50A;50A
Avenida 52;52
Avenida 52;52
Calle 20;20
Calle 54;54
Avenida 46;46
Avenida 46;46
Avenida 46A;46A
Avenida 40C;40C
Avenida 42A;42A
Avenida 40B;40B
Calle 24A;24A
Avenida 44;44
Calle 28;28
Calle 66A;66A
Calle 64;64
Calle 66;66
Avenida 30A;30A
Calle 3;3
Avenida 54B;54B
Avenida 58B;58B
Avenida 56;56
Avenida 54;54
Avenida 54A;54A
Calle AE;AE
Calle Central;Central
Calle 1A;1A
Calle 0AO;0AO
Calle 4;4
Avenida 60A;60A
Calle 46;46
Paseo de la Segunda República;Segunda República
Avenida 28;28
Calle 23;23
Avenida 44;44
Avenida 46B;46B
Calle 53;53
Avenida 40A;40A
Avenida 40;40
Calle 57;57
Avenida 40B;40B
Calle 57A;57A
Calle 55;55
Calle 45;45
Calle 31A;31A
Calle 47;47
Avenida 50;50
Calle 39B;39B
Calle 31A;31A
Calle 49A;49A
Calle 41C;41C
Calle 47B;47B
Avenida 48A;48A
Calle 47;47
Diagonal 66;Diagonal 66
Calle 53A;53A
Calle 51;51
Calle 25;25
Avenida 42;42
Avenida 44A;44A
Calle 27A;27A
Calle 33A;33A
Calle 29A;29A
Calle 35A;35A
Calle 35;35
Calle 39B;39B
Calle 39A;39A
Calle 39;39
Diagonal 36;Diagonal 36
Calle 31;31
Calle 37;37
Calle 31B;31B
Calle 33;33
Calle 41A;41A
Avenida 34B;34B
Avenida 30;30
Avenida 34A;34A
Calle 49;49
Avenida 38A;38A
Calle 33B;33B
Calle 37B;37B
Calle 45;45
Avenida 28A;28A
Calle 57;57
Calle 49;49
Avenida 52;52
Calle 21A;21A
Avenida 30A;30A
Avenida 52B;52B
Avenida 58;58
Calle 53;53
Calle 57;57
Calle 30A;30A
Avenida 56A;56A
Calle 20;20
Avenida 56;56
Avenida Dinamarca;Dinamarca
Calle 62C;62C
Calle 58;58
Calle 64A;64A
Calle 62A;62A
Calle 66;66
Calle 62B;62B
Avenida 68A;68A
Avenida 10A;10A
Avenida 60;60
Transversal 34;Transversal 34
Calle 26B;26B
Calle 34C;34C
Calle 32;32
Avenida 44A;44A
Calle 32A;32A
Calle 30A;30A
Avenida 34;34
Avenida 38;38
Diagonal 32A;Diagonal 32A
Avenida 52A;52A
Avenida 52;52
Avenida 52;52
Avenida 38B;38B
Calle 32B;32B
Diagonal 68;Diagonal 68
Calle 47;47
Calle 29;29
Avenida 48A;48A
Avenida 70A;70A
Calle 45A;45A
Calle 27A;27A
Diagonal 66B;Diagonal 66B
Calle 53;53
Diagonal 66A;Diagonal 66A
Calle 39A;39A
Transversal 35A;Transversal 35A
Calle 29;29
Avenida 44;44
Calle 47B;47B
Calle 47A;47A
Avenida 46;46
Calle 53A;53A
Calle 43;43
Avenida 50;50
Avenida 38A;38A
Calle 49A;49A
Calle 49;49
Avenida 40A;40A
Calle 55A;55A
Diagonal 36;Diagonal 36
Tranversal 35;Tranversal 35
Avenida 36;36
Avenida 40A;40A
Calle 49A;49A
Transversal 35B;Transversal 35B
Calle 43;43
Avenida 48A;48A
Avenida 70;70
Avenida 42;42
Avenida 26C;26C
Avenida 28A;28A
Calle 53;53
Calle 51A;51A
Calle 51;51
Avenida 20A;20A
Calle 14;14
Calle 14A;14A
Calle 16A;16A
Calle 18;18
Avenida 48;48
Avenida 56A;56A
Calle 64A;64A
Cale 46A;Cale 46A
Calle 64;64
Calle 62C;62C
Calle 32A;32A
Calle Austria;Austria
Avenida 20A;20A
Avenida Monseñor Castro Jiménez;Monseñor Castro Jiménez
Calle Clorito Picado;Clorito Picado
Avenida 24A;24A
Avenida Castro Madriz;Castro Madriz
Circuito Examen de Manejo;ExamManejo
Calle 10A;10A
Calle 6A;6A
Avenida 48A;48A
Avenida 4;4
Avenida 14A;14A
Avenida 14A;14A
Avenida 14;14
Calle Álvarez;Álvarez
Avenida 18B;18B
Avenida 1A;1A
Avenida 2;2
Calle Jorge Vargas Gené;Jorge Vargas Gené
Calle 19A;19A
Avenida 60;60
Diagonal 56;Diagonal 56
Calle 38;38
Calle 38;38
Transversal 11;Transversal 11
Avenida 50;50
Avenida 50;50
Avenida 18D;18D
Avenida 18;18
Calle 56A;56A
Calle 14;14
Avenida 28A;28A
Avenida 28A;28A
Avenida 10A;10A
Transversal 17A;Transversal 17A
Calle 25A;25A
Calle 23;23
Calle 24A;24A
Calle 18B;18B
Diagonal 24;Diagonal 24
Calle 33A;33A
Avenida 66C;66C
Avenida 66B;66B
Avenida 12;12
Calle Lang;Lang
Avenida 12;12
Calle 62A;62A
Avenida 12;12
Avenida 12;12
Calle Morenos;Morenos
Avenida 12;12
Avenida 12;12
Avenida 12;12
Avenida 12;12
Calle del Golf;Golf
Calle Libertad de Prensa;Libertad Prensa
Calle Libertad de Prensa;Libertad Prensa
Calle Padre Turcios;Padre Turcios
Calle 18;18
Vía 110;110
Vía 110;110
Vía 110;110
Vía 110;110
Vía 110;110
Avenida Francia;Francia
Vía 110;110
Avenida 50A;50A
Avenida 50A;50A
Paseo de la Segunda República;Segunda República
Avenida 50;50
Avenida 50;50
Avenida 52;52
Avenida 50;50
Calle 12;12
Avenida 52;52
Diagonal 26;Diagonal 26
Calle Central;Central
Avenida 50A;50A
Calle 21;21
Calle 21;21
Vía 211;211
Calle 21;21
Vía 209;209
Vía 209;209
Vía 209;209
Vía 209;209
Vía 209;209
Avenida 34A;34A
Paseo Calderón Muñoz;Calderón Muñoz
Calle Tomás Guardia;Tomás Guardia
Avenida 24;24
Avenida 24;24
Vía 209;209
Calle 9;9
Diagonal 26;Diagonal 26
Calle Alfredo Volio;Alfredo Volio
Calle Alfredo Volio;Alfredo Volio
Avenida 24;24
Calle Alfredo Volio;Alfredo Volio
Calle José Martí;José Martí
Calle José Martí;José Martí
Calle 27A;27A
Avenida 26A;26A
Calle 29;29
Avenida 26A;26A
Calle 31;31
Diagonal 26;Diagonal 26
Transversal 25A;Transversal 25A
Avenida 30;30
Vía 204;204
Avenida 30;30
Vía 204;204
Vía 204;204
Avenida 30;30
Vía 215;215
Vía 211;211
Vía 204;204
Vía 211;211
Vía 211;211
Vía 211;211
Vía 211;211
Vía 211;211
Vía 207;207
Vía 211;211
Vía 207;207
Avenida 62;62
Avenida 60;60
Vía 207;207
Vía 207;207
Calle Madrigal;Madrigal
Vía 211;211
Vía 211;211
Calle 21;21
Avenida 60;60
Calle 21;21
Calle 21;21
Calle Roberto Brenes Mesén;Roberto Brenes Mesén
Avenida Tiribí;Tiribí
Paseo de la Segunda República;Segunda República
Avenida 20;20
Calle Villanea;Villanea
Vía 177;177
Vía 177;177
Alameda José Joaquín Mora;Alameda José Joaquín Mora
Alameda José María Cañas;Alameda José María Cañas
Alameda Francisco Oreamuno;Alameda Francisco Oreamuno
Alameda José María Rojas;Alameda José María Rojas
Alameda Lorenzo Salazar;Alameda Lorenzo Salazar
Alameda Salvador Mora;Alameda Salvador Mora
Alameda Juan Alfaro Ruíz;Alameda Juan Alfaro Ruíz
Alameda José María Gutiérrez;Alameda José María Gutiérrez
Alameda Luis Molina;Alameda Luis Molina
Calle 5B;5B
Calle 15;15
Calle 7B;7B
Calle 5A;5A
Avenida 44A;44A
Avenida 30;30
Avenida 30;30
Calle 1;1
Avenida 32;32
Calle 15;15
Calle 8;8
Avenida 30A;30A
Calle 3A;3A
Avenida 34A;34A
Calle 52;52
Avenida 30A;30A
Avenida 38;38
Avenida 52A;52A
Avenida 52;52
Avenida 30A;30A
Avenida 42A;42A
Avenida 40;40
Calle 53A;53A
Avenida 68A;68A
Avenida 70;70
Avenida 70;70
Avenida 68;68
Avenida 60A;60A
Avenida 62A;62A
Avenida 56A;56A
Calle 34;34
Calle Libertad de Prensa;Libertad Prensa
Calle 68;68
Vía 177;177
Calle Libertad de Prensa;Libertad Prensa
Avenida Simón Bolívar;Simón Bolívar
Calle 22;22
Calle 4A;4A
Avenida 12B;12B
Calle 46;46
Avenida 16A;16A
Avenida 16C;16C
Diagnol 18;Diagnol 18
Avenida 18A;18A
Calle 58;58
Avenida 18;18
Transversal 24;Transversal 24
Avenida 16;16
Paseo Rubén Darío;Rubén Darío
Calle Julián Marchena;Julián Marchena
Avenida 2;2
Avenida 2;2
Avenida Monseñor Castro Jiménez;Monseñor Castro Jiménez
Calle 22A;22A
Avenida 28;28
Calle 47A;47A
Avenida 20A;20A
Transversal 51;Transversal 51
Avenida 26B;26B
Avenida 28A;28A
Avenida 28;28
Avenida 28A;28A
Calle 61B;61B
Avenida 28A;28A
Calle 61;61
Transversal 55;Transversal 55
Calle 59;59
Calle 61;61
Avenida 40A;40A
Calle 55;55
Calle 55A;55A
Avenida 40;40
Diagonal 36;Diagonal 36
Calle 29;29
Calle 31A;31A
Avenida 42;42
Diagonal 34A;Diagonal 34A
Transversal 33;Transversal 33
Avenida 34;34
Diagonal 36;Diagonal 36
Diagonal 34A;Diagonal 34A
Transversal 35A;Transversal 35A
Avenida 36;36
Avenida 34;34
Transversal 39;Transversal 39
Avenida 20A;20A
Avenida 20A;20A
Avenida 37A;37A
Avenida 20;20
Avenida 20;20
Avenida 18;18
Avenida 36;36
Avenida 30A;30A
Avenida 30;30
Diagonal 30;Diagonal 30
Calle 29A;29A
Avenida 36;36
Calle 57A;57A
Calle 55B;55B
Avenida 58;58
Avenida 64;64
Calle 53;53
Transversal 63;Transversal 63
Calle 49A;49A
Avenida 68A;68A
Avenida 50B;50B
Avenida 48B;48B
Calle 51;51
Calle 51;51
Calle 51;51
Diagonal 48;Diagonal 48
Calle 53A;53A
Calle 51C;51C
Avenida 52A;52A
Calle 53A;53A
Avenida 44A;44A
Avenida 48;48
Calle 41B;41B
Avenida 46A;46A
Avenida 42A;42A
Avenida 44A;44A
Calle 27;27
Transversal 23A;Transversal 23A
Calle 23;23
Avenida 46B;46B
Avenida 54;54
Avenida 50;50
Avenida 50A;50A
Avenida 46A;46A
Calle 33;33
Calle 31;31
Avenida 66B;66B
Calle 29;29
Avenida 66;66
Avenida 60A;60A
Calle 45;45
Avenida 66;66
Calle 47;47
Calle 45A;45A
Avenida 58;58
Avenida 50;50
Calle 17;17
Calle 19;19
Calle 17;17
Avenida 54A;54A
Avenida 56;56
Avenida 52A;52A
Avenida 54;54
Avenida 54A;54A
Avenida 54B;54B
Avenida 56;56
Avenida 58B;58B
Avenida 56A;56A
Calle 7A;7A
Transversal 0;Transversal 0
Diagonal 56;Diagonal 56
Calle 2;2
Avenida 62;62
Calle 2;2
Calle 0A;0A
Calle 4A;4A
Avenida 58;58
Avenida 58;58
Calle 6B;6B
Calle 10;10
Calle 6;6
Avenida 62;62
Avenida 62A;62A
Avenida 66A;66A
Avenida 64A;64A
Avenida 66;66
Avenida 64;64
Avenida 66;66
Calle 16;16
Avenida 68;68
Avenida 66A;66A
Calle 18A;18A
Avenida 68;68
Calle 16;16
Avenida 70;70
Avenida 68;68
Calle 22;22
Avenida 70;70
Calle 16;16
Avenida 54;54
Avenida 60;60
Calle 18;18
Avenida 34;34
Calle 18;18
Avenida 40;40
Calle 16;16
Avenida 40A;40A
Avenida 40B;40B
Avenida 42;42
Calle 14;14
Calle 14;14
Calle 20;20
Avenida 42;42
Calle 16A;16A
Calle 18;18
Calle 20A;20A
Avenida 40A;40A
Avenida 40A;40A
Calle 16;16
Avenida 48;48
Avenida 46;46
Avenida 44A;44A
Avenida 32;32
Calle 8;8
Diagonal 26;Diagonal 26
Avenida 32;32
Calle 8;8
Calle 6B;6B
Avenida 40;40
Avenida 40A;40A
Avenida 46;46
Avenida 42A;42A
Avenida 44B;44B
Avenida 44;44
Calle 10;10
Avenida 46;46
Avenida 46;46
Calle 2B;2B
Avenida 44B;44B
Avenida 32;32
Calle 5A;5A
Calle 5;5
Avenida 30;30
Avenida 32A;32A
Calle 1;1
Calle 1A;1A
Avenida 34;34
Avenida 42;42
Avenida 44;44
Calle 3;3
Avenida 58;58
Avenida 52A;52A
Avenida 56;56
Calle 28;28
Avenida 60B;60B
Avenida 60B;60B
Calle 26;26
Transversal 20;Transversal 20
Avenida 56A;56A
Avenida 58;58
Calle 32;32
Avenida 62;62
Calle 36;36
Avenida 62;62
Diagonal 60;Diagonal 60
Calle 32B;32B
Calle 34;34
Avenida 66;66
Avenida 66B;66B
Calle 28A;28A
Avenida 62B;62B
Avenida 62A;62A
Avenida 64A;64A
Calle 32B;32B
Calle 32A;32A
Calle 34;34
Calle 32;32
Avenida 68B;68B
Avenida 68A;68A
Avenida 70;70
Avenida 68;68
Avenida 68A;68A
Avenida 68B;68B
Calle 28;28
Avenida 60A;60A
Diagonal 62A;Diagonal 62A
Avenida 60C;60C
Calle 28A;28A
Calle 30C;30C
Calle 30A;30A
Avenida 60B;60B
Avenida 62;62
Diagonal 62A;Diagonal 62A
Transversal 28;Transversal 28
Calle Dr. Ricardo Moreno Cañas;Dr. Ricardo Moreno Cañas
Avenida Mauro Fernández;Mauro Fernández
Calle 11A;11A
Avenida Mauro Fernández;Mauro Fernández
Calle 62A;62A
Avenida 20C;20C
Avenida 36A;36A
Calle 26A;26A
Avenida 38;38
Calle 24B;24B
Diagonal 60;Diagonal 60
Transversal 38;Transversal 38
Transversal 40;Transversal 40
Calle 36;36
Avenida 60;60
Calle 30D;30D
Avenida 52A;52A
Calle 38A;38A
Avenida 52A;52A
Calle 38A;38A
Calle 44;44
Paseo Chile;Chile
Paseo Chile;Chile
Paseo Venezuela;Venezuela
Paseo Venezuela;Venezuela
Paseo Venezuela;Venezuela
Calle 54A;54A
Paseo Honduras;Honduras
Paseo Honduras;Honduras
Calle 56A;56A
Calle 60;60
Avenida El Salvador;El Salvador
Paseo de Guatemala;Guatemala
Paseo Guatemala;Guatemala
Calle 64A;64A
Avenida Austria;Austria
Calle Rumanía;Rumanía
Avenida 42;42
Avenida El Gaucho;El Gaucho
Calle 70;70
Paseo Antonio José de Sucre;Antonio José Sucre
Paseo Antonio José de Sucre;Antonio José Sucre
Paseo Antonio José de Sucre;Antonio José Sucre
Avenida Adolfo Marie;Adolfo Marie
Avenida Juan Rafael Mora;Juan Rafael Mora
Avenida Juan Rafael Mora;Juan Rafael Mora
Calle Joaquín Bernardo Calvo;Joaquín Bernardo Calvo
Avenida Francia;Francia
Avenida 38A;38A
Calle 44;44
Calle 38;38
Avenida 50;50
Calle 36B;36B
Avenida 36C;36C
Avenida 44A;44A
Calle 28;28
Avenida 50B;50B
Avenida Nosara;Nosara
Transversal 42;Transversal 42
Calle 54B;54B
Calle 46;46
Avenida Corobicí;Corobicí
Cale 16B;Cale 16B
Avenida 30;30
Calle 28;28
Paseo Calderón Muñoz;Calderón Muñoz
Calle 26A;26A
Avenida 30;30
Calle 34;34
Avenida 26;26
Calle 19A;19A
Avenida 24;24
Avenida 38;38
Avenida 12;12
Calle 39;39
Calle 26A;26A
Avenida Monseñor Castro Jiménez;Monseñor Castro Jiménez
Calle 7A;7A
Avenida 14;14
Avenida Pochet-Odio;Pochet-Odio
Transversal 9;Transversal 9
Calle 9A;9A
Calle Libertad de Prensa;Libertad Prensa
Calle Vicente Sáenz;Vicente Sáenz
Avenida 14;14
Avenida 14;14
Avenida 36B;36B
Calle 24;24
Avenida 34;34
Diagonal 66;Diagonal 66
Diagonal 66;Diagonal 66
Calle 65A;65A
Calle 55A;55A
Diagonal 66;Diagonal 66
Avenida 52A;52A
Avenida 50A;50A
Avenida 10A;10A
Calle 25A;25A
Calle 24;24
Diagonal 24;Diagonal 24
Avenida Cleto González Víquez;Cleto González Víquez
Avenida Simón Bolívar;Simón Bolívar
Calle 13;13
Avenida Cleto González Víquez;Cleto González Víquez
Transversal 29;Transversal 29
Calle Ricardo Fernández Guardia;Ricardo Fernández Guardia
Avenida 1A;1A
Calle Guillermo Aguilar Machado;Guillermo Aguilar Machado
Paseo Colón;Colón
Avenida Eladio Prado Sáenz;Eladio Prado Sáenz
Calle Juan Santamaría;Juan Santamaría
Calle Juan Santamaría;Juan Santamaría
Calle Enrique Echandi;Enrique Echandi
Avenida Rogelio Fernández Güell;Rogelio Fernández Güell
Avenida Jenaro Cardona;Jenaro Cardona
Calle Ismael Murillo;Ismael Murillo
Paseo Colón;Colón
Paseo Colón;Colón
Calle Alfredo Volio;Alfredo Volio
Calle Alvise Castegnaro;Alvise Castegnaro
Transversal 55;Transversal 55
Transversal 55;Transversal 55
Avenida 42;42
Diagonal 26;Diagonal 26
Diagonal 26;Diagonal 26
Calle Pío Víquez;Pío Víquez
Calle Juan Rafael Mora Porras;Juan Rafael Mora Porras
Calle Teodorico Quirós;Teodorico Quirós
Calle Juan Rafael Chacón;Juan Rafael Chacón
Calle Enrique Echandi;Enrique Echandi
Calle Enrique Echandi;Enrique Echandi
Calle Enrique Echandi;Enrique Echandi
Paseo Calderón Muñoz;Calderón Muñoz
Calle Juan Ramón Bonilla;Juan Ramón Bonilla
Avenida 20A;20A
Avenida 20A;20A
Avenida 60A;60A
Calle 57;57
Calle 19A;19A
Calle 19A;19A
Avenida 50;50
Avenida 50;50
Avenida 50;50
Avenida 12;12
Calle Vicente Sáenz;Vicente Sáenz
Calle Vicente Sáenz;Vicente Sáenz
Avenida 12;12
Avenida 12;12
Calle 68;68
Avenida 12;12
Avenida 24A;24A
Vía 204;204
Avenida 14;14
Calle Luis Felipe González;Luis Felipe González
Avenida 14;14
Avenida 18A;18A
Calle Dr. Ricardo Moreno Cañas;Dr. Ricardo Moreno Cañas
Avenida 18A;18A
Avenida 40;40
Calle Hungria Libre;Hungria Libre
Calle Libertad de Prensa;Libertad Prensa
Calle Libertad de Prensa;Libertad Prensa
Calle Jorge Vargas Gené;Jorge Vargas Gené
Avenida 12;12
Avenida Pedro Molina;Pedro Molina
Diagonal 16;Diagonal 16
Calle Julián Marchena;Julián Marchena
Calle Libertad de Prensa;Libertad Prensa
Paseo de la Segunda República;Segunda República
Paseo de la Segunda República;Segunda República
Paseo de la Segunda República;Segunda República
Avenida 18;18
Calle Ricardo Fernández Guardia;Ricardo Fernández Guardia
Calle Rafael Ángel Troyo;Rafael Ángel Troyo
Calle Rafael Ángel Troyo;Rafael Ángel Troyo
Calle 37A;37A
Calle Miguel Obregón Lizano;Miguel Obregón Lizano
Calle Miguel Obregón Lizano;Miguel Obregón Lizano
Calle 37;37
Calle Luis Felipe González;Luis Felipe González
Calle 41;41
Avenida 20A;20A
Avenida 20;20
Avenida 16B;16B
Calle Alfredo Volio;Alfredo Volio
Calle 21;21
Calle 25;25
Avenida 30;30
Avenida 24;24
Avenida 34A;34A
Avenida 20A;20A
Calle 25A;25A
Avenida Simón Bolívar;Simón Bolívar
Avenida Castro Madriz;Castro Madriz
Calle Miguel Hidalgo y Costilla;Miguel Hidalgo y Costilla
Avenida Jenaro Cardona;Jenaro Cardona
Paseo de los Estudiantes;Estudiantes
Autopista Próspero Fernández;pista Próspero Fernández
Autopista Próspero Fernández;pista Próspero Fernández
Avenida San Martín;San Martín
Avenida José Cecilio del Valle;José Cecilio Valle
Calle Vicente Sáenz;Vicente Sáenz
Calle Libertad de Prensa;Libertad Prensa
Calle Libertad de Prensa;Libertad Prensa
Calle 25;25
Alameda Florentino Alfaro;Alameda Florentino Alfaro
Alameda Antonio Vallerriestra;Alameda Antonio rriestra
Alameda Máximo Blanco;Alameda Máximo Blanco
Alameda Pedro Barellier;Alameda Pedro Barellier
Alameda Emmanuel Mongalo;Alameda Emmanuel Mongalo
Acera Once de Abril;Acera Once de Abril
Acera Castillo Viejo;Acera Castillo Viejo
Calle La Virgen;La Virgen
Avenida 18;18
Calle 76A;76A
Calla 76B;Calla 76B
Calle 74E;74E
Calle 76;76
Avenida 20E;20E
Avenida 20D;20D
Calle 74D;74D
Calle 74B;74B
Calle 74A;74A
Calle 74C;74C
Avenida 20A;20A
Calle 72C;72C
Calle 72B;72B
Avenida 20B;20B
Avenida 20C;20C
Calle 72D;72D
Calle 72;72
Calle 72A;72A
Calle 70D;70D
Calle 74;74
Calle 70C;70C
Calle 70B;70B
Calle 70A;70A
Calle 70;70
Calle 68B;68B
Avenida 18A;18A
Calle 66A;66A
Calle 62C;62C
Calle 62B;62B
Calle 60B;60B
Calle 60A;60A
Calle 60;60
Calle 58C;58C
Calle 58B;58B
Avenida 18;18
Calle 62A;62A
Calle 62;62
Calle 68C;68C
Calle 68B;68B
Calle 66E;66E
Calle 66D;66D
Calle 68;68
Calle 66C;66C
Calle 66B;66B
Calle 66A;66A
Calle 68A;68A
Avenida 20A;20A
Avenida 20C;20C
Avenida 20D;20D
Avenida 20B;20B
Avenida 20C;20C
Avenida 20D;20D
Avenida 20A;20A
Avenida 20B;20B
Avenida 20C;20C
Avenida 20D;20D
Calle 64A;64A
Calle 64;64
Calle 64C;64C
Calle 64B;64B
Avenida 20D;20D
Calle 58;58
Calle 58A;58A
Calle 58B;58B
Calle 58C;58C
Calle 58D;58D
Calle 60;60
Calle 60B;60B
Calle 60C;60C
Avenida 20A;20A
Avenida 20B;20B
Avenida 20A;20A
Avenida 20B;20B
Avenida 20D;20D
Avenida 20C;20C
Calle 62;62
Calle 62B;62B
Calle 62A;62A
Avenida 32;32
Avenida 32A;32A
Avenida 32B;32B
Avenida 36B;36B
Calle 62B;62B
Avenida 36A;36A
Calle 64A;64A
Calle 64;64
Avenida 38A;38A
Avenida 38B;38B
Avenida 38C;38C
Avenida 38B;38B
Avenida 38C;38C
Avenida 40C;40C
Avenida 38B;38B
Avenida 40;40
Avenida 38A;38A
Avenida 40A;40A
Calle 62C;62C
Calle 62D;62D
Calle 64B;64B
Calle 64C;64C
Calle 64D;64D
Avenida 42A;42A
Avenida 42;42
Avenida 40A;40A
Avenida 40B;40B
Avenida 40D;40D
Avenida 40E;40E
Calle 62A;62A
Calle 62;62
Calle 62;62
Calle Francia;Francia
Avenida 36;36
Avenida 36;36
Avenida 36;36
Avenida 36;36
Calle Francia;Francia
Calle 52;52
Avenida 46;46
Calle 52A;52A
Calle 48B;48B
Avenida 46;46
Avenida 42B;42B
Calle 48B;48B
Calle 48A;48A
Avenida 42A;42A
Avenida 44A;44A
Avenida 44B;44B
Avenida 44C;44C
Calle 48;48
Avenida 30;30
Avenida 30B;30B
Avenida 32A;32A
Avenida 32A;32A
Calle 46B;46B
Calle 52A;52A
Calle 52;52
Avenida 26;26
Calle 50A;50A
Calle 48;48
Calle 46A;46A
Avenida 26;26
Avenida 26A;26A
Calle 46;46
Calle 46A;46A
Avenida Nosara;Nosara
Avenida 26A;26A
Avenida 26B;26B
Avenida 28;28
Avenida 28A;28A
Avenida 30;30
Calle 38B;38B
Calle 38C;38C
Calle 38D;38D
Calle 40;40
Calle 40A;40A
Avenida 28;28
Avenida 48A;48A
Calle 44;44
Avenida Alemania;Alemania
Avenida 50A;50A
Avenida 50B;50B
Calle 42;42
Avenida 36B;36B
Avenida 36A;36A
Calle 34B;34B
Avenida 36C;36C
Calle 32A;32A
Avenida 38B;38B
Avenida 38A;38A
Avenida 38B;38B
Avenida 38A;38A
Calle 34A;34A
Calle 34A;34A
Diagonal 20;Diagonal 20
Avenida 24;24
Avenida 24A;24A
Avenida 32A;32A
Avenida Pochet-Odio;Pochet-Odio
Avenida 16B;16B
Calle 60A;60A
Avenida 16A;16A
Calle 60A;60A
Avenida 50;50
Calle 6A;6A
Calle Miguel Hidalgo y Costilla;Miguel Hidalgo y Costilla
Calle 21B;21B
Avenida 34B;34B
Calle 23B;23B
Calle 33;33
Paseo de la Segunda República;Segunda República
Calle 23;23
Calle 31;31
Calle 27;27
Calle 25A;25A
Avenida 26;26
Calle 45;45
Avenida 22;22
Calle 47A;47A
Calle 21;21
Paseo Rubén Darío;Rubén Darío
Avenida Castro Madriz;Castro Madriz
Avenida José Fabio Garnier;José Fabio Garnier
Calle Rafael Ángel Troyo;Rafael Ángel Troyo
Avenida 52A;52A
Calle 62A;62A
Calle 62B;62B
Diagonal 16;Diagonal 16
Calle 27;27
Calle Clorito Picado;Clorito Picado
Avenida Libertador Juan Rafael Mora Porras;Libertador Juan Rafael Mora Porras
Calle Juan Rafael Chacón;Juan Rafael Chacón
Calle 20A;20A
Avenida 32B;32B
Avenida 16;16
Avenida Eladio Prado Sáenz;Eladio Prado Sáenz
Calle Julio Fonseca Gutiérrez;Julio Fonseca Gutiérrez
Calle 64;64
Avenida 62;62
Avenida 62A;62A
Calle 27A;27A
Avenida 60B;60B
Calle 55;55
Calle 53;53
Calle 45B;45B
Avenida 34B;34B
Calle 47;47
Calle 51;51
Avenida 34B;34B
Avenida 30A;30A
Avenida 26;26
Avenida Estado de Israel;Estado Israel
Calle 21;21
Calle 21;21
Avenida 28B;28B
Avenida 28;28
Avenida 34;34
Avenida 34A;34A
Avenida 46A;46A
Calle 40A;40A
Calle 40;40
Calle 30A;30A
Paseo de la Segunda República;Segunda República
Calle Costa Rica;Costa Rica
Transversal 50A;Transversal 50A
Transversal 50B;Transversal 50B
Transversal 50C;Transversal 50C
Transversal 50A;Transversal 50A
Transversal 56;Transversal 56
Transversal 52;Transversal 52
Avenida 20;20
Avenida 28B;28B
Avenida 44A;44A
Calle 64;64
Calle 62D;62D
Calle 62C;62C
Calle 64B;64B
Avenida 42B;42B
Avenida 22B;22B
Avenida 26;26
Avenida 30A;30A
Avenida 30B;30B
Avenida 30A;30A
Calle 48;48
Avenida 30B;30B
Avenida 30B;30B
Calle 18A;18A
Calle 18;18
Avenida 68B;68B
Avenida 62;62
Avenida 60;60
Avenida 56A;56A
Avenida 46A;46A
Avenida 48;48
Avenida 48A;48A
Avenida 44B;44B
Avenida 44A;44A
Avenida 4;4
Avenida Libertador Juan Rafael Mora Porras;Libertador Juan Rafael Mora Porras
Calle 18A;18A
Avenida Rogelio Fernández Güell;Rogelio Fernández Güell
Calle Central;Central
Avenida 56;56
Diagonal 34;Diagonal 34
Avenida 2A;2A
Avenida Libertador Juan Rafael Mora Porras;Libertador Juan Rafael Mora Porras
Calle Ismael Murillo;Ismael Murillo
Paseo de los Estudiantes;Estudiantes
Diagonal 26;Diagonal 26
Avenida Domingo Sarmiento;Domingo Sarmiento
Avenida Domingo Sarmiento;Domingo Sarmiento
Avenida Cleto González Víquez;Cleto González Víquez
Avenida Libertador Juan Rafael Mora Porras;Libertador Juan Rafael Mora Porras
Avenida Libertador Juan Rafael Mora Porras;Libertador Juan Rafael Mora Porras
Avenida 34;34
Avenida 34;34
Avenida 36;36
Avenida 36;36
Avenida 36;36
Avenida 40;40
Avenida 40;40
Avenida 40;40
Avenida 40;40
Avenida 40;40
Avenida 40;40
Avenida 44;44
Avenida 44;44
Avenida Castro Madriz;Castro Madriz
Calle Tomás Guardia;Tomás Guardia
Calle Tomás Guardia;Tomás Guardia
Calle Tomás Guardia;Tomás Guardia
Calle Tomás Guardia;Tomás Guardia
Calle 23;23
Calle 39;39
Calle 41;41
Calle 43;43
Calle 45;45
Calle 47;47
Calle 49;49
Calle Alejandro Monestel;Alejandro Monestel
Paseo de la Segunda República;Segunda República
Paseo de la Segunda República;Segunda República
Paseo de la Segunda República;Segunda República
Rotonda de las Garantías Sociales;Garantías Sociales
Paseo de la Segunda República;Segunda República
Paseo de la Segunda República;Segunda República
Rotonda de la I Griega;I Griega
Transversal 33;Transversal 33
Transversal 33;Transversal 33
Vía 209;209
Vía 209;209
Avenida 30;30
Calle 34C;34C
Calle 43;43
Avenida 58;58
Calle 13;13
Vía 204;204
Avenida 3A;3A
Avenida 12;12
Calle Libertad de Prensa;Libertad Prensa
Calle Jorge Vargas Gené;Jorge Vargas Gené
Avenida Dr. Adolfo Carit;Dr. Adolfo Carit
Calle Alejandro Aguilar Machado;Alejandro Aguilar Machado
Avenida 32;32
Paseo de la Segunda República;Segunda República
Paseo de la Segunda República;Segunda República
Paseo de la Segunda República;Segunda República
Paseo de la Segunda República;Segunda República
Paseo de la Segunda República;Segunda República
Paseo de la Segunda República;Segunda República
Paseo de la Segunda República;Segunda República
Paseo de la Segunda República;Segunda República
Paseo de la Segunda República;Segunda República
Paseo de la Segunda República;Segunda República
Paseo de la Segunda República;Segunda República
Avenida Simón Bolívar;Simón Bolívar
Autopista Próspero Fernández;pista Próspero Fernández
Autopista Próspero Fernández;pista Próspero Fernández
Autopista Próspero Fernández;pista Próspero Fernández
Autopista Próspero Fernández;pista Próspero Fernández
Autopista Próspero Fernández;pista Próspero Fernández
Avenida Jenaro Cardona;Jenaro Cardona
Avenida Estado de Israel;Estado Israel
Avenida Estado de Israel;Estado Israel
Rotonda La Guacamaya;La Guacamaya
Rotonda La Guacamaya;La Guacamaya
Rotonda La Guacamaya;La Guacamaya
Paseo de la Segunda República;Segunda República
Paseo de la Segunda República;Segunda República
Vía 209;209
Avenida Cleto González Víquez;Cleto González Víquez
Calle 13;13
Calle José Martí;José Martí
Calle 24;24
Calle 30;30
Transversal 24;Transversal 24
Transversal 14;Transversal 14
Transversal 24;Transversal 24
Transversal 24;Transversal 24
Vía 110;110
Vía 110;110
Calle Alfredo Volio;Alfredo Volio
Diagonal 26;Diagonal 26
Diagonal 26;Diagonal 26
Avenida 32;32
Avenida 34;34
Avenida 46;46
Avenida 48;48
Avenida 60;60
Avenida 60;60
Avenida 62;62
Calle 13;13
Calle 21;21
Calle 21;21
Calle 21;21
Calle 40;40
Diagonal 48;Diagonal 48
Transversal 11;Transversal 11
Vía 110;110
Vía 110;110
Vía 110;110
Vía 110;110
Vía 207;207
Vía 209;209
Vía 209;209
Vía 209;209
Vía 211;211
Calle 43;43
Avenida 58;58
Diagonal 34;Diagonal 34
Avenida San Martín;San Martín
Avenida Jenaro Cardona;Jenaro Cardona
Calle Libertad de Prensa;Libertad Prensa
Calle Libertad de Prensa;Libertad Prensa
Avenida San Martín;San Martín
Calle Jorge Vargas Gené;Jorge Vargas Gené
Calle 42;42
Avenida 12;12
Vía 214;214
Avenida 52;52
Calle Tomás Guardia;Tomás Guardia
Calle Central;Central
Calle Alfredo Volio;Alfredo Volio
Vía 175;175
Avenida 50;50
Calle Tomás Guardia;Tomás Guardia
Calle Tomás Guardia;Tomás Guardia
Calle Tomás Guardia;Tomás Guardia
Avenida Estado de Israel;Estado Israel
Avenida Estado de Israel;Estado Israel
Calle 55;55
Calle 55;55
Avenida 36;36
Calle Sol Oriental;Sol Oriental
Avenida 26A;26A
Avenida Simón Bolívar;Simón Bolívar
Avenida Simón Bolívar;Simón Bolívar
Avenida 32;32
Vía 204;204
Calle 25A;25A
Avenida Libertador Juan Rafael Mora Porras;Libertador Juan Rafael Mora Porras
Avenida 22;22
Avenida 22;22
Paseo de la Segunda República;Segunda República
Calle 31;31
Avenida Dr. Adolfo Carit;Dr. Adolfo Carit
Avenida 32A;32A
Calle 31B;31B
Calle 39;39
Avenida 52;52
Paseo de la Segunda República;Segunda República
Paseo de la Segunda República;Segunda República
Paseo de la Segunda República;Segunda República
Calle 55;55
Avenida 32;32
Calle Enrique Echandi;Enrique Echandi
Transversal 13B;Transversal 13B
Calle Brasil;Brasil
Avenida Tiribí;Tiribí
Avenida Tiribí;Tiribí
Calle 44;44
Avenida 18;18
Diagonal 34A;Diagonal 34A
Calle 37;37
Avenida 44A;44A
Avenida 44;44
Avenida 44D;44D
Avenida 44C;44C
Avenida 44B;44B
Calle 48;48
Avenida 40A;40A
Avenida Francia;Francia
Calle Cuba;Cuba
Calle 34B;34B
Calle 28A;28A
Calle Alfredo Volio;Alfredo Volio
Avenida Libertador Juan Rafael Mora Porras;Libertador Juan Rafael Mora Porras
Calle Luis Pasteur;Luis Pasteur
Calle Manuel María Gutiérrez;Manuel María Gutiérrez
Paseo Colón;Colón
Paseo Colón;Colón
Avenida Pochet-Odio;Pochet-Odio
Calle 5;5
Calle Teodoro Quirós;Teodoro Quirós
Calle Juan Rafael Mora Porras;Juan Rafael Mora Porras
Avenida 54A;54A
Calle 0AE;0AE
Avenida 58;58
Calle 43A;43A
Calle 47;47
Vía 211;211
Calle 57;57
Avenida 20;20
Autobanco;
Calle 47;47
Paseo Rubén Darío;Rubén Darío
Paseo de la Segunda República;Segunda República
Paseo de la Segunda República;Segunda República
Paseo de la Segunda República;Segunda República
Paseo de la Segunda República;Segunda República
Paseo de la Segunda República;Segunda República
Calle Libertad de Prensa;Libertad Prensa
Avenida Dr. Adolfo Carit;Dr. Adolfo Carit
Calle 17;17
Calle José María Cañas;José María Cañas
Avenida 24;24
Avenida Dr. Adolfo Carit;Dr. Adolfo Carit
Calle Alfredo Volio;Alfredo Volio
Calle Alfredo Volio;Alfredo Volio
Calle José Martí;José Martí
Vía 209;209
Avenida Estado de Israel;Estado Israel
Calle 21;21
Avenida Estado de Israel;Estado Israel
Avenida 26;26
Calle 41B;41B
Avenida 34A;34A
Calle Central;Central
Calle Alfredo Volio;Alfredo Volio
Calle Julián Marchena;Julián Marchena
Calle Dr. R.A. Grillo;Dr. R.A. Grillo
Avenida Domingo Sarmiento;Domingo Sarmiento
Avenida Dr. Adolfo Carit;Dr. Adolfo Carit
Calle Vicente Sáenz;Vicente Sáenz
Avenida 18;18
Avenida 16C;16C
Avenida 16D;16D
Calle 34A;34A
Avenida 18A;18A
Avenida 18B;18B
Calle 34B;34B
Avenida 56A;56A
Avenida 56A;56A
Calle 32A;32A
Paseo Rubén Darío;Rubén Darío
Calle Rafael Chaves;Rafael Chaves
Calle Rafael Chaves;Rafael Chaves
Avenida República de Panamá;República Panamá
Avenida República de Panamá;República Panamá
Avenida San Martín;San Martín
Avenida 44D;44D
Calle 25B;25B
Calle 18;18
Calle Dr. R.A. Grillo;Dr. R.A. Grillo
Paseo Colón;Colón
Avenida Libertador Juan Rafael Mora Porras;Libertador Juan Rafael Mora Porras
Avenida Eladio Prado Sáenz;Eladio Prado Sáenz
Calle Tomás Guardia;Tomás Guardia
Avenida Libertador Juan Rafael Mora Porras;Libertador Juan Rafael Mora Porras
Avenida Eladio Prado Sáenz;Eladio Prado Sáenz
Calle Juan Ramón Bonilla;Juan Ramón Bonilla
Avenida Libertador Juan Rafael Mora Porras;Libertador Juan Rafael Mora Porras
Avenida 50;50
Calle Ricardo Fernández Guardia;Ricardo Fernández Guardia
Calle Ricardo Fernández Guardia;Ricardo Fernández Guardia
Avenida 36;36
Calle Joaquín Bernardo Calvo;Joaquín Bernardo Calvo
Avenida Nosara;Nosara
Avenida Hogar Propio;Hogar Propio
Avenida Hogar Propio;Hogar Propio
Calle Alvise Castegnaro;Alvise Castegnaro
Avenida Pochet-Odio;Pochet-Odio
Avenida Domingo Sarmiento;Domingo Sarmiento
Calle 42;42
Avenida 26;26
Diagonal 26;Diagonal 26
Calle 25;25
Calle Clorito Picado;Clorito Picado
Calle Ricardo Fernández Guardia;Ricardo Fernández Guardia
Transversal 25A;Transversal 25A
Calle 27A;27A
Transversal 27A;Transversal 27A
Avenida 20;20
Calle 29;29
Avenida 20A;20A
Calle José Martí;José Martí
Calle Argentina;Argentina
Calle Teodoro Quirós;Teodoro Quirós
Circuito Examen de Manejo;ExamManejo
Circuito Examen de Manejo;ExamManejo
Circuito Examen de Manejo;ExamManejo
Circuito Examen de Manejo;ExamManejo
Avenida 50A;50A
Calle Tomás Guardia;Tomás Guardia
Calle 72;72
Avenida 30A;30A
Avenida Pipianes;Pipianes
Avenida Pipianes;Pipianes
Calle 8;8
Transversal 0;Transversal 0
Avenida Presidente Roosevelt;Presidente Roosevelt
Autopista Próspero Fernández;pista Próspero Fernández
Autopista Próspero Fernández;pista Próspero Fernández
Autopista Próspero Fernández;pista Próspero Fernández
Avenida Campos;Campos
Calle 62A;62A
Calle León Pacheco;León Pacheco
Avenida 24;24
Avenida 12;12
Avenida 12;12
Avenida Centenario de la Campaña de 1856;Centenario Campaña 1856
Avenida José Cecilio del Valle;José Cecilio Valle
Calle 56;56
Avenida Villanea;Villanea
Avenida 50;50
Autopista Próspero Fernández;pista Próspero Fernández
Autopista Próspero Fernández;pista Próspero Fernández
Calle 23;23
Avenida 20A;20A
Avenida Jenaro Cardona;Jenaro Cardona
Avenida Jenaro Cardona;Jenaro Cardona
Avenida Jenaro Cardona;Jenaro Cardona
Avenida Libertador Juan Rafael Mora;Libertador Juan Rafael Mora
Avenida Rogelio Fernández Güell;Rogelio Fernández Güell
Calle Dr. Ricardo Moreno Cañas;Dr. Ricardo Moreno Cañas
Calle Dr. Ricardo Moreno Cañas;Dr. Ricardo Moreno Cañas
Calle José Campabadal;José Campabadal
Avenida Rogelio Fernández Güell;Rogelio Fernández Güell
Avenida Simón Bolívar;Simón Bolívar
Calle 44;44
Avenida 18;18
Avenida 32A;32A
Calle 18B;18B
Calle 28;28
Calle Alfredo Volio;Alfredo Volio
Calle 61A;61A
Calle 41;41
Calle 35A;35A
Diagonal 36A;Diagonal 36A
Avenida 44B;44B
Avenida 44C;44C
Avenida 50;50
Calle 4A;4A
Calle 68;68
Calle 32;32
Avenida 62B;62B
Calle 22;22
Avenida 46;46
Avenida 50B;50B
Avenida 44;44
Calle 48A;48A
Vía 110;110
Calle Lang;Lang
Avenida Campos;Campos
Calle Morenos;Morenos
Calle Morenos;Morenos
Calle 4;4
Avenida 26;26
Avenida 26;26
Calle Libertad de Prensa;Libertad Prensa
Avenida Domingo Sarmiento;Domingo Sarmiento
Diagonal 12;Diagonal 12
Calle 32;32
Avenida 22B;22B
Vía 211;211
Avenida 20A;20A
Calle 40;40
Calle 40A;40A
Calle 38C;38C
Calle 38B;38B
Calle 38A;38A
Calle 40;40
Calle 38C;38C
Calle 38B;38B
Calle 38C;38C
Calle 36A;36A
Calle 36B;36B
Calle 34;34
Calle 36;36
Avenida 34;34
Avenida 34A;34A
Calle 34A;34A
Avenida 34C;34C
Avenida Tempisque;Tempisque
Paseo Colón;Colón
Calle Libertad de Prensa;Libertad Prensa
Calle Hungria Libre;Hungria Libre
Avenida José Cecilio del Valle;José Cecilio Valle
Calle Alfredo Volio;Alfredo Volio
Avenida Rafael Francisco Osejo;Rafael Francisco Osejo
Paseo Rubén Darío;Rubén Darío
Paseo Rubén Darío;Rubén Darío
Avenida 32A;32A
Avenida 32A;32A
Calle 8;8
Calle 62;62
Calle 62A;62A
Calle 64A;64A
Calle 54A;54A
Avenida 52B;52B
Calle Pacuare;Pacuare
Calle 38B;38B
Avenida 24C;24C
Avenida 24B;24B
Avenida 18;18
Transversal 13A;Transversal 13A
Calle 31;31
Avenida 60;60
Avenida Pochet-Odio;Pochet-Odio
Calle Alvise Castegnaro;Alvise Castegnaro
Avenida Rogelio Fernández Güell;Rogelio Fernández Güell
Calle José Daniel Zúñiga;José Daniel Zúñiga
Calle Alejandro Monestel;Alejandro Monestel
Avenida Rogelio Fernández Güell;Rogelio Fernández Güell
Calle 11;11
Calle Otilio Ulate Blanco;Otilio Ulate Blanco
Paseo Colón;Colón
Calle Pío Víquez;Pío Víquez
Transversal 24;Transversal 24
Transversal 24;Transversal 24
Calle Juan Santamaría;Juan Santamaría
Avenida Jenaro Cardona;Jenaro Cardona
Transversal 17;Transversal 17
Paseo Rubén Darío;Rubén Darío
Avenida Eladio Prado Sáenz;Eladio Prado Sáenz
Calle Los Mora;Los Mora
Paseo Colón;Colón
Calle León Pacheco;León Pacheco
Avenida San Martín;San Martín
Calle Dr. R.A. Grillo;Dr. R.A. Grillo
Transversal 9;Transversal 9
Calle Luis Pasteur;Luis Pasteur
Avenida Castro Madriz;Castro Madriz
Vía 209;209
Calle José Martí;José Martí
Calle Rafael Ángel Troyo;Rafael Ángel Troyo
Avenida 50A;50A
Avenida Domingo Sarmiento;Domingo Sarmiento
Calle 38C;38C
Avenida 62;62
Avenida 26;26
Avenida 26;26
Calle 25;25
Paseo de la Segunda República;Segunda República
Paseo de la Segunda República;Segunda República
Paseo de la Segunda República;Segunda República
Diagonal 32;Diagonal 32
Avenida 50C;50C
Acera Once de Abril;Acera Once de Abril
Paseo Antonio José de Sucre;Antonio José Sucre
Paseo Guatemala;Guatemala
Calle 66;66
Avenida Villanea;Villanea
Calle Juan Santamaría;Juan Santamaría
Avenida 52A;52A
Avenida Dr. Adolfo Carit;Dr. Adolfo Carit
Avenida Cleto González Víquez;Cleto González Víquez
Paseo de la Segunda República;Segunda República
Diagonal 26;Diagonal 26
Avenida 48;48
Calle Tomás Guardia;Tomás Guardia
Calle 47;47

