Calle 93;93
Calle 95;95
Calle 75;75
Calle 77;77
Diagonal 22;Diagonal 22
Avenida 18;18
Avenida 24;24
Calle 75A;75A
Avenida 22;22
Avenida 20A;20A
Avenida 34;34
Calle 111;111
Avenida 10;10
Calle 91;91
Avenida 12;12
Avenida 12;12
Calle 93A;93A
Calle 87;87
Avenida 16;16
Avenida 22;22
Avenida 18;18
Avenida 16;16
Avenida 32;32
Avenida 36;36
Calle 77A;77A
Calle 79;79
Calle 85;85
Avenida 28;28
Avenida 28A;28A
Calle 73;73
Avenida 30A;30A
Calle 75;75
Calle 75A;75A
Calle 83;83
Avenida 30B;30B
Avenida 30;30
Avenida 30A;30A
Avenida 30C;30C
Calle 30D;30D
Avenida 34;34
Avenida 36;36
Avenida 38A;38A
Avenida 38;38
Avenida 26;26
Avenida 26A;26A
Calle 89;89
Diagonal 26;Diagonal 26
Avenida 26A;26A
Avenida 26B;26B
Calle 103;103
Avenida 18;18
Avenida 20;20
Calle 111;111
Avenida 30;30
Calle 97;97
Avenida 32A;32A
Calle 99;99
Calle 105A;105A
Calle 103A;103A
Calle 103;103
Calle 109;109
Calle 99;99
Diagonal 8A;Diagonal 8A
Calle 87;87
Transversal 95;Transversal 95
Vía 2;2
Vía 221;221
Vía 221;221
Calle 93;93
Avenida 14;14
Avenida 8A;8A
Avenida 16;16
Diagonal 32;Diagonal 32
Calle 81;81
Calle 87;87
Calle 89;89
Transversal 83A;Transversal 83A
Calle 97;97
Transversal 83;Transversal 83
Calle 85;85
Avenida 20;20
Avenida 36;36
Diagonal 32;Diagonal 32
Avenida 26B;26B
Avenida 8;8
Avenida 16;16
Calle 95;95
Vía 2;2
Vía 2;2
Calle 91;91
Calle 97;97
Avenida 14A;14A
Avenida 30;30
Calle 75;75
Avenida 12;12
Avenida 14;14
Calle 105;105
Calle 83A;83A
Calle 103;103
Calle 95;95
Calle 95A;95A
Avenida 36A;36A
Calle 97;97
Calle 111;111
Avenida 26;26
Vía 215;215
Vía 215;215
Calle 77;77
Vía 2;2
Vía 221;221
Vía 221;221
Vía 2;2
Calle 85A;85A
Avenida 28;28
Avenida 28A;28A
Avenida 26A;26A
Calle 79A;79A
Calle 61;61
Avenida 38;38
Avenida 38A;38A
Calle 63;63
Calle 65;65
Avenida 38;38
Avenida 28;28
Calle 69;69
Avenida 24A;24A
Calle 69;69
Avenida 12;12
Vía 2;2
Calle 73;73
Avenida 34;34
Avenida 30;30
Avenida 28;28
Calle 89A;89A
Avenida 18A;18A
Calle 87;87
Diagonal 12;Diagonal 12
Transversal 83B;Transversal 83B
Calle 89;89
Calle 95;95
Transversal 93;Transversal 93
Avenida 10B;10B
Calle 97A;97A
Avenida 24;24
Calle 97;97
Avenida 26A;26A
Calle 107;107
Avenida 20;20
Calle 109;109
Avenida 30A;30A
Calle 99;99
Calle 97;97
Vía 306;306
Vía 306;306
Transversal 97;Transversal 97
Calle 105;105
Avenida 26;26
Vía 306;306
Vía 306;306
Vía 2;2
Vía 2;2
Avenida 26;26
Avenida 32;32
Calle 85A;85A
Vía 2;2
Proveedores;
Avenida 14;14
Auto Bell;Bell
Transversal 95;Transversal 95
Auto Subway;Subway
Vía 215;215
Vía 215;215
Avenida 40;40
Vía 2;2
Vía 2;2
Vía 2;2
Vía 2;2
Vía 2;2
Vía 2;2
Vía 2;2
Vía 2;2
Vía 2;2
Auto Crem Rica;Crem Rica
Vía 2;2
Vía 2;2
Vía 2;2
Vía 2;2
Auto Pops;Pops
Vía 2;2
Calle 77;77
Vía 2;2
Vía 2;2
Vía 2;2
Autobanco;
Cajero Automático;Cajero mático
Avenida 32;32
Av. 18;18
Avenida 18;18
Avenida 16;16
Calle 77;77
Avenida 16;16
Vía 2;2
Avenida 10A;10A
Avenida 14;14
Avenida 10;10
Vía 215;215
Vía 215;215
Vía 215;215
Vía 215;215
Calle 93;93
Calle 93;93
Avenida 24A;24A
Calle 99A;99A
Calle 95A;95A
Vía 306;306
Avenida 22A;22A
Calle 97;97
Calle 83;83
Calle 99;99
Calle 99;99
Avenida 26;26
Calle 107A;107A
Calle 69;69
Calle 75;75
Avenida 26;26
Calle 77;77
Camino Parque la Nopalera;Parque la Nopalera
Camino Parque la Nopalera;Parque la Nopalera
Caminos Cementerio Montesacro;s Cementerio Montesacro
Caminos Cementerio Montesacro;s Cementerio Montesacro
Caminos Cementerio Montesacro;s Cementerio Montesacro
Caminos Cementerio Montesacro;s Cementerio Montesacro
Caminos Cementerio Montesacro;s Cementerio Montesacro
Caminos Cementerio Montesacro;s Cementerio Montesacro
Caminos Cementerio Montesacro;s Cementerio Montesacro
Avenida 32;32
Caminos Cementerio Montesacro;s Cementerio Montesacro
Caminos Cementerio Montesacro;s Cementerio Montesacro
Caminos Cementerio Montesacro;s Cementerio Montesacro
Camino Parque la Nopalera;Parque la Nopalera
Camino Parque la Nopalera;Parque la Nopalera
Camino Parque la Nopalera;Parque la Nopalera
Camino Parque la Nopalera;Parque la Nopalera
Calle Cerro Zurquí;Cerro Zurquí
Avenida Cerro Kamuk;Cerro Kamuk
Avenida Montes Urales;Montes Urales
Calle Kioto;Kioto
Calle Los Andes;Los Andes
Avenida Pico Blanco;Pico Blanco
Calle Montes Himalaya;Montes Himalaya
Calle Cerro Chirripó;Cerro Chirripó
Avenida Montes del Aguacate;Montes Aguacate
Calle Los Andes;Los Andes
Calle Nevado del Ruíz;Nevado Ruíz
Diagonal 8;Diagonal 8
Diagonal 4;Diagonal 4
Calle 111;111
Avenida 20;20
Avenida 22;22
Calle 123;123
Calle 119;119
Calle 111;111
Calle 125;125
Calle 121;121
Calle 123A;123A
Calle C121A;C121A
Calle 117;117
Calle 121;121
Avenida 28;28
Transversal 117;Transversal 117
Avenida 26;26
Avenida 26A;26A
Avenida 22A;22A
Avenida 24;24
Vía 221;221
Avenida 8A;8A
Acceso 5A;Acceso 5A
Acceso Ocho;Acceso Ocho
Calle Gravilias;Gravilias
Calle Copal;Copal
Calle Malinche;Malinche
Avenida Monterán;Monterán
Acceso 1;Acceso 1
Acceso 3;Acceso 3
Acceso 2;Acceso 2
Acceso 1B;Acceso 1B
Acceso 1;Acceso 1
Acceso 7;Acceso 7
Avenida 40;40
Calle 119;119
Calle 123;123
Diagonal 36;Diagonal 36
Calle C123;C123
Calle C123;C123
Diagonal 32A;Diagonal 32A
Avenida 30;30
Calle 113;113
Calle 113A;113A
Calle 115A;115A
Avenida 34;34
Calle 115;115
Avenida 30A;30A
Diagonal 32;Diagonal 32
Calle 117;117
Calle 147;147
Calle 149;149
Calle 147;147
Calle 145;145
Avenida 5A;5A
Avenida 2A;2A
Calle 159;159
Avenida 1A;1A
Calle 159;159
Calle 155;155
Avenida 4;4
Avenida 6C;6C
Avenida 6B;6B
Acceso Siete;Acceso Siete
Calle 137;137
Calle 153C;153C
Avenida 1;1
Avenida 0;0
Calle La Penca;La Penca
Avenida 18;18
Calle 131;131
Avenida 5;5
Calle 135;135
Avenida 3A;3A
Calle 131A;131A
Calle 143;143
Calle 139;139
Avenida 0;0
Avenida Monterán;Monterán
Acceso 6;Acceso 6
Avenida Monterán;Monterán
Acceso 9;Acceso 9
Avenida Curridabat;Curridabat
Calle Nativa;Nativa
Avenida Curridabat;Curridabat
Avenida Curridabat;Curridabat
Avenida Monterán;Monterán
Avenida Monterán;Monterán
Avenida Monterán;Monterán
Acceso 4;Acceso 4
Acceso 4;Acceso 4
Avenida 0;0
Avenida 0A;0A
Avenida 1;1
Avenida 2;2
Avenida 16;16
Calle Laureles;Laureles
Avenida 8;8
Calle Kioto;Kioto
Calle Cerro Carpintera;Cerro Carpintera
Avenida 14;14
Avenida Cerro Caraigres;Cerro Caraigres
Calle La Única;La Única
Calle 121;121
Calle 137A;137A
Calle 139A;139A
Calle 153;153
Calle 155;155
Calle 137;137
Calle 127;127
Avenida 6;6
Avenida 0;0
Avenida 3;3
Calle 133A;133A
Calle 135;135
Calle 135;135
Calle 151A;151A
Calle 153A;153A
Calle C119;C119
Calle 121;121
Calle 111;111
Calle 113;113
Calle 137;137
Calle 137;137
Avenida Monte Blanco;Monte Blanco
Calle 117;117
Avenida 26;26
Calle 135A;135A
Avenida 5;5
Calle 147A;147A
Calle 145;145
Avenida 5;5
Avenida 1A;1A
Calle 147;147
Avenida 3;3
Calle 141;141
Calle 137;137
Avenida 2A;2A
Avenida 4;4
Calle 113;113
Vía 221;221
Vía 221;221
Calle 115;115
Calle 115;115
Calle 117;117
Calle 115;115
Calle 119;119
Calle 119;119
Diagonal 32A;Diagonal 32A
Calle 115;115
Avenida 36;36
Calle Cerro Pando;Cerro Pando
Calle Cerro Cedral;Cerro Cedral
Avenida 6A;6A
Calle 155;155
Avenida 6;6
Calle 155A;155A
Avenida 8A;8A
Diagonal 36;Diagonal 36
Avenida 3;3
Diagonal 1A;Diagonal 1A
Calle 133;133
Calle La Penca;La Penca
Calle 133B;133B
Avenida 8;8
Transversal 11A;Transversal 11A
Calle 157;157
Calle La Cabuya;La Cabuya
Avenida 6;6
Avenida Los Andes;Los Andes
Avenida Sierra Madre;Sierra Madre
Calle Nevado del Ruíz;Nevado Ruíz
Avenida 7;7
Avenida 5;5
Avenida 5A;5A
Calle 139;139
Calle 113;113
Avenida Monterán;Monterán
Acceso 4;Acceso 4
Vía 306;306
Calle 135;135
Calle 133A;133A
Vía 306;306
Avenida 16;16
Calle 115;115
Calle 143;143
Diagonal 32;Diagonal 32
Calle 113A;113A
Diagonal 8;Diagonal 8
Avenida 8;8
Avenida 12;12
Calle 119;119
Avenida 12;12
Calle 121;121
Avenida 7;7
Calle 133A;133A
Avenida 2A;2A
Calle 153;153
Avenida 2;2
Avenida 6C;6C
Avenida 5A;5A
Acceso 1;Acceso 1
Boulevard A;A
Boulevard C;C
Boulevard A;A
Boulevard B;B
Boulevard A;A
Boulevard C;C
Boulevard C;C
Boulevard B;B
Boulevard B;B
Acceso 5;Acceso 5
Acceso 4A;Acceso 4A
Calle Ceibo;Ceibo
Vía 2;2
Calle 99;99
Autopista Florencio del Castillo;pista Florencio Castillo
Calle 93;93
Calle 101;101
Avenida 44;44
Calle 103;103
Calle 95;95
Avenida 48;48
Calle 97;97
Calle 89;89
Avenida 42;42
Vía 215;215
Autopista Florencio del Castillo;pista Florencio Castillo
Vía 2;2
Calle 85;85
Calle 93;93
Vía 211;211
Calle 59;59
Avenida 52;52
Avenida 52A;52A
Calle 95;95
Calle 95A;95A
Calle 95B;95B
Calle 97;97
Calle 99;99
Calle 101;101
Avenida 52;52
Calle 107;107
Calle 109A;109A
Avenida 50A;50A
Avenida 64;64
Calle 109;109
Calle 107;107
Calle 111;111
Avenida 62;62
Calle 103B;103B
Avenida 60;60
Avenida 58B;58B
Calle 103A;103A
Avenida 62A;62A
Vía 211;211
Vía 211;211
Calle 83;83
Avenida 42A;42A
Calle 75;75
Avenida 42;42
Avenida 48A;48A
Avenida 46;46
Avenida 60;60
Avenida 60;60
Avenida 58A;58A
Calle 87;87
Calle 77A;77A
Avenida 66A;66A
Avenida 62;62
Calle 109;109
Calle 93;93
Calle 95;95
Calle 95A;95A
Avenida 60;60
Calle 87A;87A
Avenida 42A;42A
Avenida 46A;46A
Calle 83;83
Calle 79;79
Calle 75;75
Vía 211;211
Diagonal 68;Diagonal 68
Calle 61;61
Diagonal 32A;Diagonal 32A
Calle 87;87
Calle 103;103
Calle 97;97
Calle 93;93
Vía 215;215
Transversal 105;Transversal 105
Avenida 44;44
Vía 2;2
Vía 2;2
Diagonal 32;Diagonal 32
Diagonal 32;Diagonal 32
Diagonal 32;Diagonal 32
Avenida 58A;58A
Calle 109A;109A
Avenida 52;52
Vía 2;2
Calle 89;89
Calle 89;89
Avenida 72;72
Avenida 74;74
Avenida 74B;74B
Calle El Tajo;El Tajo
Avenida 74A;74A
Vía 2;2
Vía 251;251
Calle 85A;85A
Calle 85;85
Vía 215;215
Via 215;215
Vía 210;210
Vía 210;210
Calle 97;97
Calle 109A;109A
Avenida 80;80
Avenida 76A;76A
Calle 107A;107A
Calle 107;107
Avenida 52;52
Transversal 69;Transversal 69
Calle 77;77
Calle 93;93
Calle 91;91
Calle 91;91
Calle 79;79
Calle 83A;83A
Avenida 54;54
Avenida 62;62
Avenida 60;60
Calle 105;105
Calle 99;99
Avenida 70;70
Avenida 42;42
Calle 87;87
Avenida 68;68
Avenida 68A;68A
Avenida 76B;76B
Vía 210;210
Calle 87;87
Avenida 46A;46A
Avenida 48A;48A
Calle 97;97
Calle 95A;95A
Calle 91;91
Avenida 46;46
Avenida 42A;42A
Avenida 54;54
Calle 75A;75A
Calle 75B;75B
Calle 89;89
Avenida 56B;56B
Avenida 42;42
Calle 67;67
Avenida 40;40
Avenida 76;76
Avenida 76;76
Avenida 44;44
Avenida 48;48
Calle 71;71
Avenida 50;50
Avenida 60A;60A
Calle 69;69
Calle 97;97
Avenida 60;60
Calle 97A;97A
Vía 215;215
Calle 97;97
Transversal 75;Transversal 75
Calle 91A;91A
Avenida 56;56
Vía 211;211
Vía 211;211
Vía 210;210
Vía 210;210
Calle 93;93
Vía 210;210
Autopista Florencio del Castillo;pista Florencio Castillo
Vía 210;210
Vía 210;210
Autopista Florencio del Castillo;pista Florencio Castillo
Vía 251;251
Vía 251;251
Calle 97;97
Avenida 62A;62A
Calle 103;103
Avenida 54A;54A
Calle 63;63
Calle 65;65
Diagonal 48;Diagonal 48
Avenida 52;52
Calle 67B;67B
Calle 61;61
Transversal 109;Transversal 109
Avenida 42;42
Avenida 48;48
Avenida 50;50
Calle 93;93
Avenida 44;44
Vía 2;2
Vía 251;251
Avenida 48;48
Calle 109;109
Avenida 56;56
Calle 105;105
Calle 109;109
Avenida 58;58
Primer Entrada Hacienda Vieja;Primer Entrada  Vieja
Transversal 55;Transversal 55
Calle 91;91
Avenida 42;42
Avenida 54A;54A
Calle 93;93
Avenida 54;54
Avenida 50;50
C105;C105
Avenida 60;60
Calle 105;105
Avenida 58;58
Calle 105;105
Calle 105;105
Calle 103B;103B
Calle 103A;103A
Avenida 58D;58D
Avenida 48;48
Calle 77;77
Avenida 46;46
Avenida 48;48
Calle 44;44
Calle 89;89
Avenida 54;54
Calle 87A;87A
Avenida 44A;44A
Calle 81;81
Avenida 48A;48A
Calle 101;101
Calle 105A;105A
Avenida 78;78
Avenida 78;78
Avenida 78;78
Calle 105;105
Calle Las Mercedes;Las Mercedes
Calle 101;101
Calle 97A;97A
Avenida 58A;58A
Calle 91A;91A
Avenida 62;62
Avenida 58B;58B
Calle 87;87
Avenida 62;62
Avenida 64;64
Avenida 68;68
Vía 215;215
Diagonal 32A;Diagonal 32A
Diagonal 32;Diagonal 32
Calle 89;89
Avenida 66;66
Avenida 44;44
Calle 83A;83A
Calle 87;87
Calle 91;91
Vía 215;215
Vía 210;210
Vía 215;215
Calle 89;89
Vía 210;210
Vía 211;211
Vía 211;211
Calle 85A;85A
Vía 215;215
Calle 89;89
Calle 61;61
Calle 77;77
Calle 103;103
Calle 101;101
Avenida 42;42
Avenida 58C;58C
Calle 103;103
Avenida 60A;60A
Calle 63;63
Calle 97;97
Avenida 58;58
Calle 99;99
Avenida 44;44
Avenida 42;42
Autobanco;
Calle 85;85
Avenida 48;48
Vía 215;215
Vía 215;215
Calle 87;87
Avenida 42;42
Calle 87;87
Avenida 46;46
Calle 97;97
Parqueo Iglesia;Iglesia
Transversal 73;Transversal 73
Calle 81;81
Avenida 52A;52A
Vía 2;2
Avenida 52;52
Avenida 52;52
Avenida 52;52
Avenida 58;58
Avenida 72;72
Avenida 44;44
Avenida 46A;46A
Avenida 46;46
Avenida 48;48
Calle 97;97
Calle 101;101
Vía 215;215
Avenida 44;44
Calle 85;85
Calle 93;93
Avenida 44;44
Avenida 48A;48A
Calle 79B;79B
Calle 79A;79A
Calle 81;81
Diagonal 48;Diagonal 48
Calle 77;77
Avenida 44A;44A
Avenida 44;44
Avenida 52AA;52AA
Transversal 81;Transversal 81
Avenida 56;56
Avenida 66;66
Calle 91;91
Avenida 62;62
Avenida 60A;60A
Calle 95;95
Avenida 60;60
Calle 107;107
Avenida 70;70
Vía 211;211
Avenida 58D;58D
Avenida 60A;60A
Calle 109;109
Avenida 76;76
Avenida 42;42
Transversal 81;Transversal 81
Avenida 50;50
Calle 105;105
Calle 105;105
Avenida 74A;74A
Calle 67A;67A
Avenida 50;50
Diagonal 32;Diagonal 32
Avenida 66;66
Calle 109A;109A
Transversal 77;Transversal 77
Calle 75A;75A
Avenida 46A;46A
Calle 77B;77B
Calle 79;79
Calle 79A;79A
Calle 67;67
Calle 79;79
Avenida 66;66
Avenida 60;60
Vía 210;210
Avenida 60;60
Calle 77;77
Calle 79;79
Avenida 70;70
Avenida 46;46
Avenida 42;42
Calle 93;93
Calle Antiguo Relleno Rio Azul;Antiguo Relleno Rio Azul
Calle Antiguo Relleno Rio Azul;Antiguo Relleno Rio Azul
Caminos en el Parque de Curridabat;s el Parque Curridabat
Caminos en el Parque de Curridabat;s el Parque Curridabat
Calle Antiguo Relleno Rio Azul;Antiguo Relleno Rio Azul
Calle Antiguo Relleno Rio Azul;Antiguo Relleno Rio Azul
Calle Antiguo Relleno Rio Azul;Antiguo Relleno Rio Azul
Autopista Florencio del Castillo;pista Florencio Castillo
Calle 141;141
Calle 137;137
Calle 137;137
Avenida La Marina;La Marina
Avenida 58;58
Avenida 60;60
Calle 109A;109A
Avenida 64;64
Avenida La Marina;La Marina
Avenida La Marina;La Marina
Avenida 78;78
Calle 125;125
Calle 121;121
Avenida 42;42
Avenida 44;44
Avenida 44;44
Calle 123A;123A
Calle C121A;C121A
Avenida 46;46
Vía 251;251
Diagonal 32A;Diagonal 32A
Vía 251;251
Avenida La Marina;La Marina
Calle 137;137
Acceso 1;Acceso 1
Acceso 2;Acceso 2
Avenida 44;44
Avenida 80C;80C
Calle 121;121
Avenida 76;76
Avenida 50;50
Calle 113;113
Transversal 105;Transversal 105
Diagonal 42A;Diagonal 42A
Avenida 40;40
Calle C117;C117
Calle 115;115
Avenida 44;44
Calle 123;123
Calle C125;C125
Avenida 42A;42A
Diagonal 36;Diagonal 36
Calle 127;127
Calle 131;131
Diagonal 42A;Diagonal 42A
Calle C125;C125
Calle 143;143
Diagonal D032A;Diagonal D032A
Calle 141;141
Diagonal D042A;Diagonal D042A
Calle 125;125
Diagonal 32A;Diagonal 32A
Calle 127;127
Calle 129;129
Calle 133;133
Calle 131;131
Calle 129;129
Avenida 76;76
Calle 123;123
Avenida 56;56
Calle 137;137
Avenida 76;76
Avenida 76;76
Diagonal 66A;Diagonal 66A
A058A;A058A
Calle 125A;125A
Avenida 72;72
Avenida 74;74
Avenida 70A;70A
Avenida 58A;58A
Diagonal 64;Diagonal 64
Avenida 70A;70A
Avenida 70;70
Avenida 68;68
Calle 125A;125A
Calle 125B;125B
Calle 119;119
Diagonal 72;Diagonal 72
Avenida 82a;82a
Calle 111;111
Calle 113;113
Calle 113;113
Avenida 90;90
Avenida 84A;84A
Avenida 80;80
Calle 121;121
Calle 117A;117A
Avenida 60;60
Avenida 64;64
Avenida 62;62
Calle 113A;113A
Calle 121A;121A
Calle 113;113
Avenida 80;80
Calle 113;113
Calle 113;113
Calle 113A;113A
Avenida 54A;54A
Avenida 78;78
Calle 113;113
Acceso 5;Acceso 5
Avenida 50;50
Avenida 80A;80A
Avenida 80B;80B
Diagonal 81;Diagonal 81
Calle 117B;117B
Avenida 58;58
Acceso 1;Acceso 1
Calle 137;137
Calle 137;137
Avenida La Marina;La Marina
Acceso 3;Acceso 3
Acceso 2;Acceso 2
Autopista Florencio del Castillo;pista Florencio Castillo
Vía 251;251
Vía 251;251
Vía 251;251
Avenida 76A;76A
Avenida 58A;58A
Calle 117;117
Diagonal 70;Diagonal 70
Avenida 80;80
Calle 115;115
Calle 123;123
Avenida 80B;80B
Calle 111B;111B
Calle 125;125
Calle 125;125
Avenida 58B;58B
Avenida 74B;74B
Calle 113A;113A
Avenida 80;80
Calle 127A;127A
Avenida 78A;78A
Avenida 74A;74A
Avenida 72A;72A
Calle 125;125
Avenida 56A;56A
Avenida La Marina;La Marina
Transversal 109;Transversal 109
Calle 109B;109B
Autopista Florencio del Castillo;pista Florencio Castillo
Calle 111;111
Vía 251;251
Calle 111;111
Avenida 48;48
Calle 109;109
Calle 119;119
Avenida 62;62
Calle 113;113
Calle 117;117
Calle 113;113
Calle 113A;113A
Calle 113;113
Calle 113;113
Calle 121;121
Avenida 66;66
Calle 121;121
Calle 131;131
Avenida 78;78
Calle 115A;115A
Avenida 70A;70A
Calle 113A;113A
Calle D;D
Calle 111A;111A
Avenida 60A;60A
Avenida 72;72
Calle 135;135
Calle 111A;111A
Calle 115;115
Avenida 78A;78A
Avenida 78B;78B
Avenida 82;82
Calle 119;119
Avenida 70;70
Calle Las Mercedes;Las Mercedes
Calle 111A;111A
Avenida 70;70
Calle 139;139
Avenida 46;46
Acceso 4;Acceso 4
Acceso 1;Acceso 1
Autopista Florencio del Castillo;pista Florencio Castillo
Autopista Florencio del Castillo;pista Florencio Castillo
Autopista Florencio del Castillo;pista Florencio Castillo
Autopista Florencio del Castillo;pista Florencio Castillo
Avenida 78A;78A
Avenida 74;74
Avenida 50A;50A
Calle 123;123
Transversal 119;Transversal 119
Calle 117;117
Calle 115;115
Diagonal 72A;Diagonal 72A
Calle 119A;119A
Calle 119B;119B
Diagonal 84A;Diagonal 84A
Avenida 76A;76A
Calle 119;119
Avenida 74;74
Calle Las Mercedes;Las Mercedes
Diagonal 70;Diagonal 70
Diagonal 70;Diagonal 70
Avenida 52;52
Transversal 105;Transversal 105
Transversal 119;Transversal 119
Calle 113;113
Avenida 72A;72A
Avenida 72;72
Transversal 121;Transversal 121
Calle Las Mercedes;Las Mercedes
Avenida 72;72
Calle 113;113
Avenida 78B;78B
Diagonal 84A;Diagonal 84A
Avenida 86;86
Calle 117;117
Calle 117A;117A
Calle 117A;117A
Avenida 84A;84A
Calle 119B;119B
Calle 115A;115A
Avenida 68;68
Avenida 66;66
Calle 121;121
Avenida 76;76
Avenida 80B;80B
Calle 113B;113B
Calle 113B;113B
Diagonal 38;Diagonal 38
Vía 251;251
Calle 129;129
Autopista Florencio del Castillo;pista Florencio Castillo
Acceso 4;Acceso 4
Calle 125;125
Calle 129;129
Avenida La Marina;La Marina
Acceso 1;Acceso 1
Acceso 1;Acceso 1
Acceso 1;Acceso 1
Acceso 1;Acceso 1
Acceso 1;Acceso 1
Acceso 1;Acceso 1
Acceso 1;Acceso 1
Acceso 1;Acceso 1
Avenida 66;66
Avenida 66;66
Avenida 66;66
Avenida 56;56
Avenida 72A;72A
Avenida 78;78
Acceso Principal;Acceso
Acceso 1;Acceso 1
Acceso 3;Acceso 3
Acceso 5;Acceso 5
Avenida 46B;46B
Transversal 105;Transversal 105
Transversal 113;Transversal 113
Calle 109A;109A
Diagonal 84A;Diagonal 84A
Calle 121;121
Transversal 111;Transversal 111
Calle 119;119
Calle 119C;119C
Avenida 84;84
Avenida 82A;82A
Calle 123;123
Acceso 1;Acceso 1
Acceso 1;Acceso 1
Acceso 2;Acceso 2
Acceso 4;Acceso 4
Calle 129;129
Acceso 3;Acceso 3
Avenida La Marina;La Marina
Calle Condominios Villa del Este;Condominios Villa Este
Parqueo Residencial sin nombre;Residencial sin nombre
Parqueo Residencial sin nombre;Residencial sin nombre
Calle Antiguo Relleno Rio Azul;Antiguo Relleno Rio Azul
Calle Condominios Villa del Este;Condominios Villa Este
Calle Condominios Villa del Este;Condominios Villa Este
Calle Condominios Villa del Este;Condominios Villa Este
Calle Condominios Villa del Este;Condominios Villa Este
Calle Condominios Villa del Este;Condominios Villa Este
Calle Antiguo Relleno Rio Azul;Antiguo Relleno Rio Azul

