Vía 725;725
Calle Acequia Grande;Acequia Grande
Vía 704;704
Calle Oropéndola;Oropéndola
Calle Río Grande;Calle  Grande
Vía 726;726
Vía 148;148
Calle Río Grande;Calle  Grande
Calle Barquero;Barquero
Calle Espino;Espino
Vía 703;703
Calle Porozal;Porozal
Calle Villarreal;Villarreal
Calle La Virgen;La Virgen
Vía 141;141
Calle San Roquillo;San Roquillo
Calle Desamparados;Desamparados
Calle Murciélago;Murciélago
Calle El Muro;El Muro
Calle Valencia;Valencia
Calle La Trinidad;La Trinidad
Calle Rojas;Rojas
Calle Espino;Espino
Calle Desamparados;Desamparados
Calle García;García
Calle Elizondo;Elizondo
Calle Carlo Elizondo;Carlo Elizondo
Calle La Casona;La Casona
Calle Barranquilla;Barranquilla
Vía 141;141
Calle Oropéndola;Oropéndola
Calle Villarreal;Villarreal
Vía 141;141
Vía 141;141
Vía 710;710
Vía 703;703
Calle Solís;Solís
Calle Bajo las Viudas;Bajo las Viudas
Calle La Isla;La Isla
Calle Robles;Robles
Calle Varela;Varela
Calle Bajo Arrieta;Bajo Arrieta
Calle Rincón;Rincón
Calle La Virgen;La Virgen
Calle Valverde;Valverde
Vía 141;141
Calle Tacacal;Tacacal
Vía 709;709
Calle Arrieta;Arrieta
Vía 709;709
Calle Aguilera;Aguilera
Calle Bajo Arrieta;Bajo Arrieta
Calle El Muro;El Muro
Calle Valencia;Valencia
Calle Ramírez;Ramírez
Calle Rincón;Rincón
Calle Rojas;Rojas
Calle La Virgen;La Virgen
Calle Chayote;Chayote
Calle Chayote;Chayote
Calle Zúñiga;Zúñiga
Calle Las Malvinas;Las Malvinas
Calle La Casona;La Casona
Calle La Altura;La Altura
Calle Rincón;Rincón
Calle Rincón;Rincón
Calle Rincón;Rincón
Calle Rincón;Rincón
Vía 141;141
Calle Las Malvinas;Las Malvinas
Autopista Bernardo Soto;pista Bernardo Soto
Autopista Bernardo Soto;pista Bernardo Soto
Vía 706;706
Calle Palmitos;Palmitos
Calle Palmitos;Palmitos
Calle San Roquillo;San Roquillo
Calle El Cementerio;El Cementerio
Calle Older;Older
Calle Sibaja;Sibaja
Calle La Quesera;La Quesera
Calle Badilla;Badilla
Calle Calino;Calino
Calle Guadalupe;Guadalupe
Calle Moya;Moya
Calle San Pedro;San Pedro
Vía 726;726
Vía 148;148
Vía 148;148
Calle Concepción;Concepción
Calle Calvo;Calvo
Calle Pilas;Pilas
Calle Villarreal;Villarreal
Calle Pilas;Pilas
Calle Peraza;Peraza
Calle San Roquillo;San Roquillo
Vía 715;715
Vía 715;715
Calle Vaca Muerta;Vaca Muerta
Calle Vaca Muerta;Vaca Muerta
Calle Concepción;Concepción
Calle Peraza;Peraza
Calle La Herediana;La Herediana
Calle Las Rosas;Las Rosas
Calle Vaca Muerta;Vaca Muerta
Calle Concepción;Concepción
Calle Hidalgo;Hidalgo
Calle Las Rosas;Las Rosas
Calle Linda Vista;Linda Vista
Calle Hidalgo;Hidalgo
Calle Hidalgo;Hidalgo
Calle Concepción;Concepción
Calle Ledezma;Ledezma
Calle Concepción;Concepción
Calle El Ceibo;El Ceibo
Calle Araya;Araya
Calle La Casona;La Casona
Calle Al Cerro;Al Cerro
Calle Al Cerro;Al Cerro
Calle Al Cerro;Al Cerro
Calle La Quesera;La Quesera
Calle La Quesera;La Quesera
Calle Concepción;Concepción
Calle Las Rosas;Las Rosas
Calle Concepción;Concepción
Calle Pilas;Pilas
Calle Villarreal;Villarreal
Calle Cementerio;Cementerio
Calle Castro;Castro
Vía 118;118
Calle 3;3
Radial Naranjo;Radial Naranjo
Radial Naranjo;Radial Naranjo
Autopista Bernardo Soto;pista Bernardo Soto
Calle 8;8
Avenida 6;6
Calle 6;6
Calle 4;4
Autopista Bernardo Soto;pista Bernardo Soto
Puente Rafael Yglesias Castro;Rafael Yglesias Castro
Autopista Bernardo Soto;pista Bernardo Soto
Calle 1;1
Avenida José del Olmo Salvador;José Olmo Salvador
Calle Central;Central
Calle 5;5
Vía 709;709
Vía 710;710
Calle 8;8
Diagonal 2;Diagonal 2
Avenida Central;Central
Vía 710;710
Vía 710;710
Vía 710;710
Calle del Llano;Llano
Calle 4;4
Avenida 1;1
Calle Pilas;Pilas
Calle Pilas;Pilas
Avenida 2A;2A
Avenida 6;6
Radial Naranjo;Radial Naranjo
Calle 4;4
Avenida 4;4
Avenida 4;4
Calle 2;2
Calle 2;2
Calle 8;8
Avenida José del Olmo Salvador;José Olmo Salvador
Avenida José del Olmo Salvador;José Olmo Salvador
Calle 4;4
Avenida 4;4
Avenida 6;6
Calle 9;9
Avenida 6;6
Avenida Central;Central
Avenida Central;Central
Avenida Central;Central
Calle 3;3
Avenida 1;1
Avenida 6;6
Vía 141;141
Calle 6;6
Radial Naranjo;Radial Naranjo
Vía 715;715
Vía 715;715
Vía 715;715
Calle del Llano;Llano
Avenida 5;5
Calle 6;6
Transversal 4;Transversal 4
Calle Pérez;Pérez
Vía 715;715
Vía 709;709
Calle Tacacal;Tacacal
Vía 709;709
Calle Damaris;Damaris
Calle 4;4
Avenida 8;8
Calle 2;2
Calle Central;Central
Calle 1;1
Calle 7;7
Calle 9;9
Avenida 3;3
Calle 9;9
Calle 9;9
Avenida 4;4
Calle 7;7
Avenida 5;5
Avenida 5;5
Avenida 3;3
Calle 4;4
Vía 118;118
Avenida 13;13
Calle Central;Central
Calle 5A;5A
Calle 5;5
Calle 5;5
Calle 5A;5A
Calle 1A;1A
Avenida 7A;7A
Diagonal 9;Diagonal 9
Transversal 0AN;Transversal 0AN
Diagonal 11;Diagonal 11
Transversal 0;Transversal 0
Calle 2A;2A
Transversal 0AS;Transversal 0AS
Avenida 1A;1A
Avenida 3A;3A
Calle 0A;0A
Avenida 7;7
Avenida 7;7
Calle 1;1
Transversal 2;Transversal 2
Transversal 1;Transversal 1
Calle 1;1
Avenida 4;4
Avenida 3;3
Avenida 1;1
Calle 10;10
Calle 14;14
Calle 12;12
Avenida 7;7
Avenida 9;9
Calle Carranza;Carranza
Calle Cementerio;Cementerio
Calle 5;5
Calle 7;7
Calle 3;3
Avenida 4;4
Calle 6;6
Calle 3;3
Calle Zapote;Zapote
Calle Barrientos;Barrientos
Calle La Plaza;La Plaza
Calle Real;Real
Calle Real;Real
Calle Rafael Monge;Rafael Monge
Calle Acosta;Acosta
Calle del Llano;Llano
Calle Vaca Muerta;Vaca Muerta
Calle El Pilón;El Pilón
Calle Vaca Muerta;Vaca Muerta
Calle Hornos;Hornos
Calle Hornos;Hornos
Calle Hornos;Hornos
Calle del Indio;Indio
Calle Hidalgo;Hidalgo
Calle Vaca Muerta;Vaca Muerta
Calle Hidalgo;Hidalgo
Calle Retana;Retana
Autopista Bernardo Soto;pista Bernardo Soto
Autopista Bernardo Soto;pista Bernardo Soto
Autopista Bernardo Soto;pista Bernardo Soto
Avenida 4;4
Radial Naranjo;Radial Naranjo
Calle 5;5
Vía 118;118
Radial Naranjo;Radial Naranjo
Radial Naranjo;Radial Naranjo
Vía 118;118
Vía 118;118
Calle 5;5
Avenida Central;Central
Calle 6;6
Calle 5A;5A
Calle 0A;0A
Avenida 7;7
Calle Vargas;Vargas
Calle del Llano;Llano
Calle Acosta;Acosta
Calle Hornos;Hornos
Calle Acosta;Acosta
Calle 2;2
Calle 1;1
Calle 1;1
Calle 7;7
Calle 7;7
Avenida 2;2
Radial Naranjo;Radial Naranjo
Calle Pilas;Pilas
Calle Pilas;Pilas
Calle JJ;JJ
Autopista Bernardo Soto;pista Bernardo Soto
Autopista Bernardo Soto;pista Bernardo Soto
Avenida José del Olmo Salvador;José Olmo Salvador

