Calle San Ramón;San Ramón
Calle San Ramón;San Ramón
Calle San Ramón;San Ramón
Vía 140;140
Ruta Nacional 140;Ruta Nacional 140
Calle San Ramón;San Ramón
Calle San Ramón;San Ramón
Calle El Socorro;El Socorro
Calle La Legua;La Legua
Calle La Colonia;La Colonia
Calle El Socorro;El Socorro
Calle La Noble;La Noble
Calle Bajo Latas;Bajo Latas
Calle Bajo Latas;Bajo Latas
Calle Bajo Latas;Bajo Latas
Calle Bajo Latas;Bajo Latas
Vía 126;126
Calle Bajo Latas;Bajo Latas
Calle La Colonia;La Colonia
Calle El Socorro;El Socorro
Vía 3;3
Calle El Mangal;El Mangal
Vía 3;3
Vía 3;3
Vía 118;118
Vía 3;3
Vía 3;3
Calle Sánchez;Sánchez
Vía 721;721
Calle Los Llanos;Los Llanos
Calle Los Llanos;Los Llanos
Calle Limón;Limón
Calle Bosque Encantado;Bosque Encantado
Boulevard;
Boulevard;
Avenida 2;2
Calle 4;4
Avenida 1;1
Avenida 2;2
Calle 2;2
Calle Roble Sabana;Roble Sabana
Avenida del Jocote;Jocote
Calle del Higuerón;Higuerón
Calle Torres;Torres
Calle Colpachí;Colpachí
Calle del Níspero;Níspero
Avenida del Jocote;Jocote
Calle del Mango;Mango
Radial Coyol;Radial Coyol
Radial Coyol;Radial Coyol
Calle Vueltas;Vueltas
Avenida Los Geranios;Los Geranios
Avenida Los Claveles;Los Claveles
Calle Los Llanos;Los Llanos
Avenida Los Toros;Los Toros
Calle Los Geranios;Los Geranios
Calle Esteban;Esteban
Calle del Guácimo;Guácimo
Calle de La Hacienda;Calle La
Avenida de la Caña;Caña
Avenida La Coyotera;La Coyotera
Avenida La Angostura;La Angostura
Calle Los Vargas;Los Vargas
Calle Los Llanos;Los Llanos
Avenida del Café;Café
Calle del Pedregal;Pedregal
Avenida Llanos;Llanos
Calle Llanos Este;Llanos Este
Avenida Uno;Uno
Calle Llanos del Coyol;Llanos Coyol
Calle Los Llanos;Los Llanos
Vía 3;3
Vía 3;3
Vía 3;3
Autopista Bernardo Soto;pista Bernardo Soto
Autopista Bernardo Soto;pista Bernardo Soto
Autopista Bernardo Soto;pista Bernardo Soto
Autopista Bernardo Soto;pista Bernardo Soto
Calle Los Llanos;Los Llanos
Calle Aragón;Aragón
Calle Marginal Sur;Marginal Sur
Calle 1;1
Avenida 3;3
Calle 1;1
Avenida 3;3
Autopista José María Castro Madriz;pista José María Castro Madriz
Autopista José María Castro Madriz;pista José María Castro Madriz
Autopista José María Castro Madriz;pista José María Castro Madriz
Radial Turrúcares;Radial Turrúcares
Radial Turrúcares;Radial Turrúcares
Autopista José María Castro Madriz;pista José María Castro Madriz
Calle INCAE;INCAE
Vía 721;721
Vía 721;721
Vía 721;721
Vía 721;721
Vía 721;721
Autopista José María Castro Madriz;pista José María Castro Madriz
Autopista José María Castro Madriz;pista José María Castro Madriz
Calle Cacao;Cacao
Calle Ochomogo;Ochomogo
Autopista José María Castro Madriz;pista José María Castro Madriz
Autopista José María Castro Madriz;pista José María Castro Madriz
Autopista José María Castro Madriz;pista José María Castro Madriz
Autopista José María Castro Madriz;pista José María Castro Madriz
Radial Coyol;Radial Coyol
Autopista José María Castro Madriz;pista José María Castro Madriz
Radial Coyol;Radial Coyol
Autopista José María Castro Madriz;pista José María Castro Madriz
Autopista José María Castro Madriz;pista José María Castro Madriz
Autopista José María Castro Madriz;pista José María Castro Madriz
Autopista José María Castro Madriz;pista José María Castro Madriz
Autopista José María Castro Madriz;pista José María Castro Madriz
Autopista José María Castro Madriz;pista José María Castro Madriz
Autopista José María Castro Madriz;pista José María Castro Madriz
Autopista José María Castro Madriz;pista José María Castro Madriz
Autopista José María Castro Madriz;pista José María Castro Madriz
Autopista José María Castro Madriz;pista José María Castro Madriz
Autopista José María Castro Madriz;pista José María Castro Madriz
Autopista José María Castro Madriz;pista José María Castro Madriz
Autopista Bernardo Soto;pista Bernardo Soto
Autopista Bernardo Soto;pista Bernardo Soto
Autopista Bernardo Soto;pista Bernardo Soto
Radial Turrúcares;Radial Turrúcares
Radial Turrúcares;Radial Turrúcares
Calle Juntas;Juntas
Radial Turrúcares;Radial Turrúcares
Avenida 3;3
Calle La Quebrada;La Quebrada
Calle Las Pilas;Las Pilas
Avenida Panorámica;Panorámica
Calle La Quebrada;La Quebrada
Calle La Quebrada;La Quebrada
Calle Chacón;Chacón
Calle Ramírez;Ramírez
Calle Central;Central
Avenida Segunda;Segunda
Avenida Tercera;Tercera
Avenida Primera;Primera
Calle La Virgen;La Virgen
Calle Checha;Checha
Calle Turrucareña;Turrucareña
Calle Guácima;Guácima
Calle Candelaria;Candelaria
Calle Embalse;Embalse
Calle Los Sauces;Los Sauces
Avenida Alfa;Alfa
Calle Linda Vista;Linda Vista
Avenida Cuarta;Cuarta
Avenida Quinta;Quinta
Avenida Novena;Novena
Avenida Sétima;Sétima
Avenida Décima;Décima
Avenida Sexta;Sexta
Avenida Octava;Octava
Vía 136;136
Vía 136;136
Calle El Mangal;El Mangal
Calle Vueltas;Vueltas
Calle Las Quintas;Las Quintas
Calle Siquiares;Siquiares
Autopista José María Castro Madriz;pista José María Castro Madriz
Autopista José María Castro Madriz;pista José María Castro Madriz
Calle Siquiares;Siquiares
Autopista José María Castro Madriz;pista José María Castro Madriz
Autopista José María Castro Madriz;pista José María Castro Madriz
Calle Muerto;Muerto
Calle Muerto;Muerto
Avenida 2;2
Vía 721;721
Digitec Seguridad Electrónica;Digitec Seguridad Electrónica
Calle Siquiares;Siquiares
Radial Coyol;Radial Coyol
Radial Coyol;Radial Coyol
Avenida 0;0
Calle Coopeval;Coopeval
Vía 3;3
Calle Ceibo;Ceibo
Avenida El Paso;El Paso
Avenida Loto;Loto
Calle Guanacaste;Guanacaste
Avenida 1;1
Avenida 2;2
Calle El Sol;El Sol
Calle INCAE;INCAE
Vía 721;721
Calle Generosa;Generosa
Vía 136;136
Vía 136;136
Vía 136;136
Vía 136;136
Radial Coyol;Radial Coyol
Vía 721;721
Vía 721;721
Vía 721;721
Radial Coyol;Radial Coyol
Vía 721;721
Calle Juntas;Juntas
Calle San Martín;San Martín
Calle Los Llanos;Los Llanos
Autopista Bernardo Soto;pista Bernardo Soto
Vía 3;3
Vía 3;3
Autopista Bernardo Soto;pista Bernardo Soto
Autopista Bernardo Soto;pista Bernardo Soto
Autopista Bernardo Soto;pista Bernardo Soto
Carretera 1;Carretera 1
Carretera 1;Carretera 1
Carretera 1;Carretera 1
Carretera 1;Carretera 1
Calle Tamarindo;Tamarindo
Autopista Bernardo Soto;pista Bernardo Soto
Autopista Bernardo Soto;pista Bernardo Soto
Calle Bosque Encantado;Bosque Encantado
Ruta Nacional 3;Ruta Nacional 3
Calle Los Llanos;Los Llanos
Calle Los Llanos;Los Llanos
Calle Los Llanos;Los Llanos
Calle Los Llanos;Los Llanos
Calle Los Llanos;Los Llanos
Avenida 0;0
Avenida 0;0
Autopista José María Castro Madriz;pista José María Castro Madriz
Radial Coyol;Radial Coyol
Calle Pascual Rodríguez;Pascual Rodríguez
Calle Principal;Principal
Calle San Rafael;San Rafael
Calle Rincón Chiquito;Rincón Chiquito
Calle Rincón Chiquito;Rincón Chiquito
Calle Rincón Chiquito;Rincón Chiquito
Calle 1;1
Avenida 3;3
Calle 2;2
Avenida 1;1
Avenida 2;2
Calle Las Puertas;Las Puertas
Vía 136;136
Calle Apagón;Apagón
Calle 0;0
Calle Bosque Encantado;Bosque Encantado
Calle 3;3
Avenida 0;0
Calle 2;2
Calle 1;1
Calle 3;3
Calle 4;4
Carretera 1;Carretera 1
Carretera 1;Carretera 1
Carretera 1;Carretera 1
Calle Juntas;Juntas
Paseo Centro Campero;Centro Campero
Autopista José María Castro Madriz;pista José María Castro Madriz
Autopista José María Castro Madriz;pista José María Castro Madriz
Autopista José María Castro Madriz;pista José María Castro Madriz
Autopista José María Castro Madriz;pista José María Castro Madriz
Autopista José María Castro Madriz;pista José María Castro Madriz
Autopista José María Castro Madriz;pista José María Castro Madriz
Calle El Mangal;El Mangal
Calle El Mangal;El Mangal
Calle Guácima;Guácima
Calle Guácima;Guácima
Avenida de La Cuesta;La Cuesta
Autopista Bernardo Soto;pista Bernardo Soto
Autopista Bernardo Soto;pista Bernardo Soto
Autopista Bernardo Soto;pista Bernardo Soto
Radial Coyol;Radial Coyol
Radial Coyol;Radial Coyol
Calle Bosque Encantado;Bosque Encantado
Vía 721;721
Calle Sánchez;Sánchez
Vía 721;721
Calle Sánchez;Sánchez
Radial Coyol;Radial Coyol
Radial Coyol;Radial Coyol
Radial Coyol;Radial Coyol
Radial Coyol;Radial Coyol
Radial Coyol;Radial Coyol
Radial Coyol;Radial Coyol
Radial Coyol;Radial Coyol
Radial Coyol;Radial Coyol
Autopista José María Castro Madriz;pista José María Castro Madriz
Autopista José María Castro Madriz;pista José María Castro Madriz
Autopista José María Castro Madriz;pista José María Castro Madriz
Autopista José María Castro Madriz;pista José María Castro Madriz
Avenida 5;5
Calle Huascar;Huascar
Avenida Malinche;Malinche
Avenida Veranera;Veranera
Avenida Croto;Croto
Avenida Cedro;Cedro
Calle Marginal Sur;Marginal Sur
Alameda 2;Alameda 2
Avenida Orquídea;Orquídea
Avenida Madero;Madero
Radial Coyol;Radial Coyol
Calle Los Llanos;Los Llanos
Calle Los Llanos;Los Llanos
Radial Coyol;Radial Coyol
Vía 136;136
Vía 136;136
Vía 136;136
Vía 136;136
Calle Bosque Encantado;Bosque Encantado
Calle Bosque Encantado;Bosque Encantado
Autopista Bernardo Soto;pista Bernardo Soto
Calle B;B
Calle C;C
Radial Coyol;Radial Coyol
Radial Coyol;Radial Coyol
Autopista Bernardo Soto;pista Bernardo Soto
Calle El Mangal;El Mangal
Calle Los Mangos;Los Mangos
Principal Natura Viva;Natura Viva
Acceso 1;Acceso 1
Avenida 2;2
Alameda 1;Alameda 1
Alameda 5;Alameda 5
Alameda 6;Alameda 6
Alameda 4;Alameda 4
Alameda 3;Alameda 3
Alameda 2;Alameda 2
Avenida 1;1
Radial Coyol;Radial Coyol
Radial Coyol;Radial Coyol
Radial Coyol;Radial Coyol
Radial Coyol;Radial Coyol
Radial Turrúcares;Radial Turrúcares
Radial Turrúcares;Radial Turrúcares
Radial Turrúcares;Radial Turrúcares
Radial Turrúcares;Radial Turrúcares
Radial Turrúcares;Radial Turrúcares
Radial Turrúcares;Radial Turrúcares
Calle del Cerro;Cerro
Calle Divino Niño;Divino Niño
Calle San Martín;San Martín
Calle Carrera Buena;Carrera Buena
Avenida 1;1
Calle Llanos del Coyol;Llanos Coyol
Avenida 0;0
Avenida 0;0
Avenida 0;0
Avenida 0;0
Radial Coyol;Radial Coyol
Vía 3;3
Alameda 1A;Alameda 1A
Calle 2;2
Alameda 7;Alameda 7
Avenida 1;1
Avenida 2;2
Calle 1;1
Avenida 4;4
Calle 2;2
Calle 1;1
Calle Roble Sabana;Roble Sabana
Calle Roble Sabana;Roble Sabana
Calle del Higuerón;Higuerón
Calle del Higuerón;Higuerón
Avenida del Laurel;Laurel
Calle 1;1
Avenida 2;2
Avenida 1;1
Avenida 3;3
Calle 3;3
Calle 2;2
Avenida 4;4
Acceso 1;Acceso 1
Acceso 6;Acceso 6
Acceso 5;Acceso 5
Acceso 4;Acceso 4
Acceso 3;Acceso 3
Acceso 3;Acceso 3
Acceso 2;Acceso 2
Acceso 1;Acceso 1
Acceso 1;Acceso 1
Calle Principal;Principal
Calle Principal;Principal
Acceso 7;Acceso 7
Acceso 1;Acceso 1
Acceso 7;Acceso 7
Acceso 3;Acceso 3
Acceso 4;Acceso 4
Acceso 6;Acceso 6
Boulevard Principal;Boulevard
Boulevard Principal;Boulevard
Acceso 3;Acceso 3
Acceso 4;Acceso 4
Acceso 1;Acceso 1
Acceso 2;Acceso 2
Acceso 11;Acceso 11
Boulevard Principal;Boulevard
Boulevard Principal;Boulevard
Acceso 10;Acceso 10
Acceso 10;Acceso 10
Avenida La Alvarada;La Alvarada
Calle Llanos Oeste;Llanos Oeste
Calle A;A
Boulevard;
Calle A;A
Calle B;B
Calle Los Mangos;Los Mangos
Calle Juntas;Juntas
Calle Juntas;Juntas
Calle La Virgen;La Virgen
Calle La Virgen;La Virgen
Calle Primera;Primera
Vía 136;136
Vía 136;136
Calle Matilda;Matilda
Calle Periodistas;Periodistas
Avenida El Bajo;El Bajo
Vía 136;136
Vía 721;721
Vía 721;721
Calle Barahona;Barahona
Calle Coopeval;Coopeval
Calle Coopeval;Coopeval
Calle Cacao;Cacao
Calle 1;1
Avenida 1;1
Calle 3;3
Calle 2;2
Calle 4;4
Calle Garabito;Garabito
Calle Malinche;Malinche
Calle Cot;Cot
Calle 3;3
Avenida 3;3
Calle Las Brisas;Las Brisas
Avenida Buenos Aires;Buenos Aires
Avenida Vista de Mar;Vista Mar
Acceso 5;Acceso 5
Calle El Parque;El Parque
Avenida Guachipelín;Guachipelín
Alameda 1;Alameda 1
Calle Rincón;Rincón
Calle Rincón;Rincón
Radial Coyol;Radial Coyol
Radial Coyol;Radial Coyol
Calle Juntas;Juntas
Calle Juntas;Juntas
Calle Corazón de Jesús;Corazón Jesús
Calle A;A
Boulevard;
Acceso 5;Acceso 5
Acceso 2;Acceso 2
Acceso 8;Acceso 8
Acceso 7A;Acceso 7A
Acceso 9;Acceso 9
Calle Los Llanos;Los Llanos
Calle Marginal Sur;Marginal Sur
Calle Marginal Sur;Marginal Sur
Autopista Bernardo Soto;pista Bernardo Soto
Autopista Bernardo Soto;pista Bernardo Soto
Vía 3;3
Llegadas;Llegadas
Bulevar Aeropuerto;Bulevar Aeropuerto
Radial Francisco J. Orlich;Radial Francisco J. Orlich
Salidas;Salidas
Radial Francisco J. Orlich;Radial Francisco J. Orlich
Vía 122;122
Calle Zamora;Zamora
Calle 17;17
Avenida Juan Alfaro Ruíz;Juan Alfaro Ruíz
Calle Ismael Chaverri Quesada;Ismael Chaverri Quesada
Avenida El Carmen;El Carmen
Avenida Jesús Ocaña Rojas;Jesús Ocaña Rojas
Vía 3;3
Diagonal 1;Diagonal 1
Vía 3;3
Vía 124;124
Avenida Parque;Parque
Calle La Estación;La Estación
Calle El Mesón;El Mesón
Calle General Próspero Fernández;General Próspero Fernández
Calle La Paz;La Paz
Calle 7;7
Calle La Estación;La Estación
Calle León Fernández;León Fernández
Calle Arroyo;Arroyo
Calle 9;9
Calle General Próspero Fernández;General Próspero Fernández
Calle 4A;4A
Calle General Eloy Alfaro;General Eloy Alfaro
Avenida Tomás Guardia;Tomás Guardia
Calle Lagunilla;Lagunilla
Calle Lagunilla;Lagunilla
Calle La Chirritera;La Chirritera
Calle La Claudia;La Claudia
Calle 3;3
Calle 1;1
Avenida 5;5
Avenida 4;4
Avenida 3;3
Calle 2;2
Calle 4;4
Calle 5;5
Calle Afrecho;Afrecho
Calle El Futuro;El Futuro
Calle 1;1
Radial San Antonio;Radial San Antonio
Radial San Antonio;Radial San Antonio
Radial San Antonio;Radial San Antonio
Radial San Antonio;Radial San Antonio
Vía 122;122
Vía 124;124
Radial Francisco J. Orlich;Radial Francisco J. Orlich
Radial Francisco J. Orlich;Radial Francisco J. Orlich
Calle Ernesto Morera;Ernesto Morera
Autopista General Cañas;pista General Cañas
Autopista General Cañas;pista General Cañas
Autopista General Cañas;pista General Cañas
Autopista General Cañas;pista General Cañas
Calle Vueltas;Vueltas
Vía 118;118
Autopista General Cañas;pista General Cañas
Autopista Bernardo Soto;pista Bernardo Soto
Vía 124;124
Vía 124;124
Calle Sánchez;Sánchez
Vía 124;124
Calle 24;24
Vía 119;119
Calle Ismael Chaverri Quesada;Ismael Chaverri Quesada
Calle 18;18
Avenida De Las Provincias;De Las Provincias
Autopista General Cañas;pista General Cañas
Calle Rincón Chiquito;Rincón Chiquito
Avenida 54;54
Vía 122;122
Vía 122;122
Avenida Juan Manuel López del Corral;Juan Manuel López Corral
Calle 16;16
Calle 14;14
Calle 18;18
Avenida Bernardo Soto;Bernardo Soto
Avenida La Concordia;La Concordia
Calle 1;1
Calle 26;26
Avenida Juan Manuel López del Corral;Juan Manuel López Corral
Calle 28;28
Calle 32;32
Avenida 0AS;0AS
Calle 36;36
Calle 40;40
Avenida 1;1
Avenida 0AN;0AN
Avenida 2;2
Radial Coyol;Radial Coyol
Calle 56;56
Calle 44;44
Calle Eribela López;Eribela López
Calle 48;48
Calle 46A;46A
Calle 48A;48A
Calle Montecillos;Montecillos
Calle El Colegio;El Colegio
Calle 42;42
Calle 54;54
Calle 2A;2A
Vía 122;122
Vía 122;122
Autopista General Cañas;pista General Cañas
Calle 44A;44A
Avenida 11;11
Calle La Cañada;La Cañada
Calle Campo Alto;Campo Alto
Calle Campo Alto;Campo Alto
Calle Argüello;Argüello
Calle Bosque Real I;Bosque Real I
Calle Bosque Real I;Bosque Real I
Calle 1;1
Calle 4;4
Avenida 1;1
Avenida 3;3
Avenida 5;5
Calle Los Portones;Los Portones
Avenida Tercera;Tercera
Avenida El Ingenio;El Ingenio
Calle el Cafeto;el Cafeto
Calle La Paz;La Paz
Calle  Principal;Principal
Calle Central;Central
Avenida 9;9
Avenida 1;1
Avenida 2;2
Calle Bosque Real II;Bosque Real II
Vía 130;130
Calle Los Llanos;Los Llanos
Avenida 15;15
Avenida 11B;11B
Calle 7A;7A
Avenida 13;13
Avenida La Piedra;La Piedra
Avenida 9;9
Calle 11;11
Calle 9;9
Avenida El Metate;El Metate
Avenida 5;5
Avenida Central;Central
Calle Santa Cecilia;Santa Cecilia
Calle Sacramento;Sacramento
Acceso 1;Acceso 1
Vía 124;124
Vía 124;124
Calle El Bajo;El Bajo
Calle El Mirador;El Mirador
Calle Vueltas;Vueltas
Calle Nuestro Amo;Nuestro Amo
Avenida del Café;Café
Calle Los Príncipes;Los Príncipes
Calle Primera;Primera
Calle Segunda;Segunda
Calle Tercera;Tercera
Avenida Segunda;Segunda
Calle 2;2
Avenida 2;2
Avenida 1;1
Calle Obispo Tristán;Obispo Tristán
Calle Lagunilla;Lagunilla
Autopista General Cañas;pista General Cañas
Autopista General Cañas;pista General Cañas
Calle Marginal Norte;Marginal Norte
Vía 727;727
Boulevard Lorenzo Tristán;Lorenzo Tristán
Calle General Próspero Fernández;General Próspero Fernández
Calle General Próspero Fernández;General Próspero Fernández
Avenida Bernardo Soto;Bernardo Soto
Calle Maravilla;Maravilla
Calle Obispo Tristán;Obispo Tristán
Calle 10A;10A
Calle 1;1
Calle 1;1
Calle Marginal Sur;Marginal Sur
Calle 1;1
Avenida 1;1
Calle 1;1
Calle 2;2
Calle Cereza;Cereza
Calle Lagunilla;Lagunilla
Calle 3;3
Calle 1;1
Avenida 1;1
Calle 13;13
Calle 1A;1A
Calle 23;23
Avenida 8;8
Avenida 6;6
Avenida 3;3
Calle 25;25
Avenida 10;10
Calle 19;19
Calle 21;21
Calle Paso Flores;Paso Flores
Avenida 2;2
Avenida La Concordia;La Concordia
Avenida 4A;4A
Calle 17;17
Avenida 0AS;0AS
Calle 15;15
Avenida 4A;4A
Calle La Empacadora;La Empacadora
Calle Coricafe;Coricafe
Calle Pasito;Pasito
Calle El Carmen;El Carmen
Avenida Parque;Parque
Calle Arroyo;Arroyo
Calle Tercera;Tercera
Calle Segunda;Segunda
Calle Primera;Primera
Avenida 0AN;0AN
Calle Segunda;Segunda
Calle Sétima;Sétima
Calle Sexta;Sexta
Calle Quinta;Quinta
Calle Cuarta;Cuarta
Avenida 4;4
Avenida 5;5
Calle Primera;Primera
Avenida Segunda;Segunda
Calle 3;3
Avenida 1;1
Avenida 2;2
Avenida 3;3
Avenida 6;6
Calle 5;5
Calle 6;6
Calle 4;4
Avenida 1;1
Calle Primera;Primera
Avenida La Giralda;La Giralda
Avenida La Giralda;La Giralda
Avenida La Giralda;La Giralda
Calle 2;2
Calle 20;20
Avenida Parque;Parque
Calle 16;16
Avenida 10;10
Avenida 8;8
Avenida 3;3
Calle Cacao;Cacao
Calle 5;5
Calle Itiquís;Itiquís
Calle Escuela;Escuela
Calle Tigre;Tigre
Calle El Salto;El Salto
Calle María Elena;María Elena
Calle Flores;Flores
Calle Santa Fe;Santa Fe
Calle Tigre;Tigre
Avenida 1;1
Avenida 3;3
Calle 3;3
Avenida 5;5
Calle Primera;Primera
Calle Huelva;Huelva
Avenida Cartuja;Cartuja
Calle Navarra;Navarra
Calle Primera;Primera
Avenida 3;3
Calle 2;2
Calle 3;3
Calle 1;1
Avenida 1;1
Calle Primera;Primera
Calle Cuarta;Cuarta
Avenida Segunda;Segunda
Calle 2;2
Avenida 2;2
Calle La Rosa;La Rosa
Calle Central;Central
Avenida Cuarta;Cuarta
Avenida Central;Central
Calle Central;Central
Calle Sevilla;Sevilla
Calle La Rotonda;La Rotonda
Calle Andalucía;Andalucía
Calle Granada;Granada
Calle Santa Cecilia;Santa Cecilia
Calle Las Palmeras;Las Palmeras
Avenida Los Almendros;Los Almendros
Calle 5;5
Avenida 6;6
Calle Córdoba;Córdoba
Calle Principal;Principal
Calle Solís;Solís
Calle 52A;52A
Calle La Margarita;La Margarita
Calle Eribela López;Eribela López
Calle El Colegio;El Colegio
Avenida 20;20
Calle La Rosa;La Rosa
Calle El Urbano;El Urbano
Calle El Urbano;El Urbano
Calle Barquero;Barquero
Calle San Luis;San Luis
Calle Hermanos Arias;Hermanos Arias
Calle Las Veraneras;Las Veraneras
Calle Ruta del Sol;Ruta Sol
Calle Las Ciruelas;Las Ciruelas
Calle Chava;Chava
Avenida 3;3
Calle Central;Central
Calle 42;42
Avenida Cuarta;Cuarta
Calle Tercera;Tercera
Avenida Guaria;Guaria
Avenida Roble;Roble
Vía 718;718
Calle Taravilla;Taravilla
Calle Santa Fe;Santa Fe
Calle La Flory;La Flory
Calle Cinco;Cinco
Calle 4;4
Avenida Uno;Uno
Calle 29;29
Avenida Central;Central
Avenida Central;Central
Calle Madrigal;Madrigal
Calle Bajos;Bajos
Avenida 1;1
Avenida El Carmen;El Carmen
Calle La Coyotera;La Coyotera
Calle Liles;Liles
Calle Cacao;Cacao
Víal 719;l 719
Calle Carbonal;Carbonal
Calle Rosales;Rosales
Calle Julieta;Julieta
Airport Boulevard;Airport
Boulevard Parque Industrial;Boulevard  Industrial
Calle Los Pinos;Los Pinos
Calle Campo Real;Campo Real
Calle Principal;Principal
Calle Impresora;Impresora
Calle Cacao;Cacao
Calle Limonal;Limonal
Autopista José María Castro Madriz;pista José María Castro Madriz
Calle 1;1
Calle La Paz;La Paz
Vía 3;3
Vía 3;3
Calle 1;1
Vía 3;3
Calle 4;4
Avenida 2;2
Avenida 1;1
Avenida Jesús Ocaña Rojas;Jesús Ocaña Rojas
Avenida General Tomás Guardia;General Tomás Guardia
Avenida Jesús Ocaña Rojas;Jesús Ocaña Rojas
Calle 2;2
Calle 8;8
Calle 4;4
Calle 3;3
Calle 6;6
Calle 5;5
Calle Los Portones;Los Portones
Calle Vargas;Vargas
Acceso 1;Acceso 1
Vía 718;718
Acceso 4;Acceso 4
Transversal 33;Transversal 33
Acceso 3;Acceso 3
Calle 29;29
Avenida Segunda;Segunda
Calle Ismael Chaverri Quesada;Ismael Chaverri Quesada
Calle Varela;Varela
Vía 124;124
Vía 124;124
Autopista José María Castro Madriz;pista José María Castro Madriz
Autopista José María Castro Madriz;pista José María Castro Madriz
Autopista José María Castro Madriz;pista José María Castro Madriz
Autopista José María Castro Madriz;pista José María Castro Madriz
Autopista José María Castro Madriz;pista José María Castro Madriz
Autopista José María Castro Madriz;pista José María Castro Madriz
Autopista José María Castro Madriz;pista José María Castro Madriz
Calle Primera;Primera
Avenida Primera;Primera
Calle Seis;Seis
Calle Las Américas;Las Américas
Calle Cuarta;Cuarta
Avenida Cuarta;Cuarta
Calle Tercera;Tercera
Calle Ernesto Morera;Ernesto Morera
Calle El Urbano;El Urbano
Calle Villalobos;Villalobos
Calle 3;3
Avenida De Las Provincias;De Las Provincias
Avenida Central;Central
Avenida 17;17
Calle Arias;Arias
Avenida 2;2
Calle González;González
Calle San Juan;San Juan
Calle Las Piedras;Las Piedras
Calle 1;1
Calle Las Cañas;Las Cañas
Calle Las Pilas;Las Pilas
Avenida Panorámica;Panorámica
Calle Nuestro Amo;Nuestro Amo
Calle Tajo;Tajo
Calle Ramírez;Ramírez
Calle 3;3
Calle Álvaro Araya;Álvaro Araya
Acceso Principal;Acceso
Calle Carranza;Carranza
Calle Taller Pata;Taller Pata
Calle Imperio Verde;Imperio Verde
Calle Los Ángeles;Los Ángeles
Calle Saret;Saret
Calle María Isabel;María Isabel
Calle Linda Vista;Linda Vista
Calle Pasito;Pasito
Calle Pasito;Pasito
Calle Benjamín Solórzano;Benjamín Solórzano
Calle La Pista;La Pista
Calle 23;23
Avenida 34A;34A
Calle Florencia;Florencia
Calle 27;27
Calle Gato Verde;Gato Verde
Avenida 2;2
Avenida 1;1
Avenida 3;3
Calle 0;0
Autopista Bernardo Soto;pista Bernardo Soto
Autopista Bernardo Soto;pista Bernardo Soto
Avenida 22;22
Avenida Central;Central
Avenida 1;1
Calle 1;1
Calle 3;3
Calle Mayra;Mayra
Avenida 17;17
Calle Central;Central
Calle 2;2
Calle 3;3
Avenida Lilian;Lilian
Calle Sonia;Sonia
Solo Ambulancias;Solo Ambulancias
Autopista General Cañas;pista General Cañas
Autopista General Cañas;pista General Cañas
Radial Francisco J. Orlich;Radial Francisco J. Orlich
Acceso 5;Acceso 5
Acceso 1;Acceso 1
Calle Bajo Las Cañas;Bajo Las Cañas
Calle 2;2
Avenida 10;10
Avenida 8;8
Calle 8;8
Calle 3;3
Calle 7;7
Avenida 4;4
Avenida 1;1
Calle 4;4
Calle 1;1
Calle 10;10
Avenida 4;4
Avenida 3;3
Calle Imas Uno;Imas Uno
Vía 130;130
Vía 130;130
Calle Santa Fe;Santa Fe
Vía 122;122
Vía 122;122
Calle Alfaro;Alfaro
Calle Las Suculentas;Las Suculentas
Avenida Tercera;Tercera
Acceso 2;Acceso 2
Avenida Tres;Tres
Calle Camboya;Camboya
Calle Rojas;Rojas
Avenida 4;4
Avenida 6;6
Avenida 7;7
Avenida 5;5
Alameda 5;Alameda 5
Alameda 6;Alameda 6
Alameda 7;Alameda 7
Calle Los Conejos;Los Conejos
Calle Quizarraces;Quizarraces
Calle Los Cedros;Los Cedros
Calle Cooperativa;Cooperativa
Calle Los Rosales;Los Rosales
Calle Los Solís;Los Solís
Calle Buríos;Buríos
Calle Mezas;Mezas
Calle La Paula;La Paula
Calle Imas Dos;Imas Dos
Calle Santa Bárbara;Santa Bárbara
Calle Pedregal;Pedregal
Calle Alto;Alto
Calle Elizabeth;Elizabeth
Calle Santa Elena;Santa Elena
Calle División;División
Calle Murillo;Murillo
Calle Pedregal;Pedregal
Calle Corella;Corella
Vía 130;130
Vía 130;130
Avenida Antonio Arroyo;Antonio Arroyo
Avenida Antonio Arroyo;Antonio Arroyo
Avenida Parque;Parque
Avenida Juan Alfaro Ruíz;Juan Alfaro Ruíz
Avenida La Concordia;La Concordia
Avenida Bernardo Soto;Bernardo Soto
Calle Obispo Tristán;Obispo Tristán
Calle Maravilla;Maravilla
Calle 16;16
Calle Mango Plaza;Mango Plaza
Avenida Juan Manuel López del Corral;Juan Manuel López Corral
Calle 17;17
Avenida General Tomás Guardia;General Tomás Guardia
Calle 29;29
Calle 6;6
Calle 5;5
Avenida 6A;6A
Calle Segunda;Segunda
Calle Loría;Loría
Avenida 12;12
Calle Los Higuerones;Los Higuerones
Avenida Bernardo Soto;Bernardo Soto
Calle 19;19
Calle 1;1
Vía 727;727
Calle Muñoz;Muñoz
Calle 3;3
Avenida Primera;Primera
Calle La Españolita;La Españolita
Calle Gutiérrez;Gutiérrez
Calle El Mojón;El Mojón
Calle La Empacadora;La Empacadora
Calle Babilonia;Babilonia
Avenida Babel;Babel
Calle La Empacadora;La Empacadora
Calle La Empacadora;La Empacadora
Calle La Empacadora;La Empacadora
Calle Fátima;Fátima
Calle Bajos;Bajos
Calle La Empacadora;La Empacadora
Calle Las Manzanas;Las Manzanas
Calle Emilda;Emilda
Calle La Coyotera;La Coyotera
Calle Fabio Molina;Fabio Molina
Calle El Higuerón;El Higuerón
Avenida 1;1
Avenida 1;1
Avenida 14;14
Avenida 16;16
Calle 5;5
Avenida 2;2
Calle Anastasio Alfaro;Anastasio Alfaro
Avenida 12;12
Calle Palenque;Palenque
Calle 12;12
Calle Quinta;Quinta
Alameda 2;Alameda 2
Calle 14;14
Calle 6A;6A
Calle 14;14
Calle 2;2
Alameda 1;Alameda 1
Calle León Fernández;León Fernández
Avenida Central;Central
Avenida 29;29
Calle Jesús Ocaña;Jesús Ocaña
Calle Lirios;Lirios
Avenida Tercerra;Tercerra
Calle Principal;Principal
Calle Providencia;Providencia
Avenida Segunda;Segunda
Calle Primera;Primera
Calle Dos;Dos
Avenida Tres;Tres
Calle 4;4
Calle 29;29
Avenida 45;45
Calle Santa Fe;Santa Fe
Calle La Flory;La Flory
Calle 19;19
Avenida Brasilia;Brasilia
Calle 2;2
Calle 4;4
Calle 6;6
Calle Dos;Dos
Calle 5;5
Calle 2A;2A
Avenida 1;1
Calle 3;3
Avenida Uno;Uno
Calle 2;2
Calle 1;1
Calle Uno;Uno
Calle 1;1
Avenida Vila Real;Vila Real
Calle Parque Industrial;Parque Industrial
Calle C;C
Avenida Lusitania;Lusitania
Calle Parque Industrial;Parque Industrial
Avenida Magnolia;Magnolia
Calle A;A
Calle B;B
Avenida 1;1
Calle 52;52
Calle Viana do Castelo;Viana do Castelo
Calle C;C
Calle Coímbra;Coímbra
Calle Central;Central
Calle Níspero;Níspero
Calle Laurel;Laurel
Avenida Sauce;Sauce
Calle Macacona;Macacona
Avenida Sexta;Sexta
Calle Los Robles;Los Robles
Calle Loma Linda;Loma Linda
Calle El Urbano;El Urbano
Calle Segunda;Segunda
Calle Rey David;Rey David
Calle Flores;Flores
Calle Principal;Principal
Calle Primera;Primera
Avenida Los Árboles;Los Árboles
Calle Central;Central
Calle Marginal Sur;Marginal Sur
Calle La Eli;La Eli
Calle La Loma;La Loma
Calle Guaria;Guaria
Calle de la Luna;Luna
Calle Don Luis;Don Luis
Avenida 36;36
Calle 12;12
Calle 8;8
Avenida 15;15
Avenida 19;19
Avenida 17;17
Avenida Dos;Dos
Calle Primera;Primera
Avenida 25;25
Alameda 2;Alameda 2
Calle Uno;Uno
Calle Tercera;Tercera
Avenida 11;11
Calle 15;15
Alameda 3;Alameda 3
Avenida 27;27
Avenida 13;13
Calle Cuarta;Cuarta
Calle 23;23
Calle Central;Central
Avenida 21;21
Calle 13;13
Avenida 15;15
Calle 25;25
Calle 11;11
Calle La Cañada;La Cañada
Avenida 34;34
Avenida 24;24
Avenida 34;34
Calle La Avioneta;La Avioneta
Calle La Amistad;La Amistad
Calle 28;28
Calle 12;12
Calle 4;4
Calle La Torre;La Torre
Calle Tercera;Tercera
Calle Primera;Primera
Calle 4;4
Calle Pérez;Pérez
Calle Central;Central
Calle 5;5
Calle 1;1
Calle 2;2
Calle 7;7
Calle Tercera;Tercera
Calle 6;6
Avenida Los Higuerones;Los Higuerones
Calle Sexta;Sexta
Calle Cuadrante;Cuadrante
Calle 3;3
Calle 5;5
Calle 6;6
Alameda 1;Alameda 1
Calle 4;4
Avenida Limón;Limón
Calle Los Gemelos;Los Gemelos
Avenida Manzana;Manzana
Calle Sandía;Sandía
Calle Melón;Melón
Calle Nance;Nance
Calle Cementerio;Cementerio
Avenida 38;38
Calle Parque Industrial;Parque Industrial
Calle 32;32
Acceso 9;Acceso 9
Calle Romo;Romo
Calle Zorro;Zorro
Calle Monge;Monge
Avenida Quinta;Quinta
Calle La Loma;La Loma
Acceso 1;Acceso 1
Acceso 4;Acceso 4
Avenida 4;4
Alameda 2;Alameda 2
Acceso 3;Acceso 3
Calle Los Pochotes;Los Pochotes
Alameda 1;Alameda 1
Calle 2;2
Avenida El Nogal;El Nogal
Avenida 3;3
Calle 1;1
Avenida 4;4
Avenida El Poró;El Poró
Avenida Los Sauces;Los Sauces
Avenida El Ron Ron;El Ron Ron
Radial San Antonio;Radial San Antonio
Radial San Antonio;Radial San Antonio
Calle La Trocha;La Trocha
Calle El Común;El Común
Avenida 01 de Mayo;01 Mayo
Avenida São Paulo;São Paulo
Avenida Cuzco;Cuzco
Avenida Tigris;Tigris
Avenida 1;1
Avenida 4;4
Calle 25;25
Calle 8;8
Avenida 30A;30A
Calle Campos;Campos
Calle 7;7
Avenida 39;39
Avenida Segunda;Segunda
Calel Quinta;Calel Quinta
Avenida 4;4
Avenida 2;2
Calle Primera;Primera
Calle 27;27
Calle Principal;Principal
Calle 1;1
Calle Tiahuanaco;Tiahuanaco
Alameda 1 Oeste;Alameda 1 Oeste
Avenida 3;3
Avenida Tercera;Tercera
Avenida 5;5
Calle Cuarta;Cuarta
Avenida 3;3
Calle La Alameda;La Alameda
Calle Sophia;Sophia
Calle Primera;Primera
Alameda 2 Oeste;Alameda 2 Oeste
Avenida 36;36
Calle 32;32
Avenida Hortencias;Hortencias
Avenida Quinta;Quinta
Avenida 9A;9A
Avenida Cuarta;Cuarta
Avenida 33;33
Calle Pinares;Pinares
Calle Tercera;Tercera
Avenida Primera;Primera
Avenida Primera;Primera
Calle Cipreses;Cipreses
Avenida Segunda;Segunda
Autopista General Cañas;pista General Cañas
Autopista General Cañas;pista General Cañas
Calle Alto;Alto
Avenida Guarias;Guarias
Avenida Bromelias;Bromelias
Avenida Anturios;Anturios
Calle Jocote;Jocote
Calle Belo Horizonte;Belo Horizonte
Calle Bajos;Bajos
Calle Cas;Cas
Avenida Heliconias;Heliconias
Calle Marañón;Marañón
Calle Guayaba;Guayaba
Avenida Heliconias;Heliconias
Avenida Jacarandas;Jacarandas
Calle 1;1
Calle Marañón;Marañón
Avenida Passiflora;Passiflora
Calle Carambola;Carambola
Avenida Alpinias;Alpinias
Avenida Heliconias;Heliconias
Calle Pitanga;Pitanga
Calle Marañón;Marañón
Acceso 1;Acceso 1
Alameda B;Alameda B
Calle 1;1
Acceso 3;Acceso 3
Calle Évora;Évora
Avenida Primera;Primera
Avenida 1;1
Avenida Oporto;Oporto
Acceso 4;Acceso 4
Avenida Benfica;Benfica
Avenida Tercera;Tercera
Acceso 8;Acceso 8
Alameda C;Alameda C
Acceso 6;Acceso 6
Alameda A;Alameda A
Acceso 2;Acceso 2
Avenida Baleares;Baleares
Avenida Segunda;Segunda
Acceso 5;Acceso 5
Avenida Cuarta;Cuarta
Acceso 7;Acceso 7
Avenida Las Brisas;Las Brisas
Calle Portimao;Portimao
Calle Aveiro;Aveiro
Calle Santarém;Santarém
Calle Portalegre;Portalegre
Calle Braga;Braga
Calle Viseu;Viseu
Avenida 3;3
Calle Principal;Principal
Calle La Unión;La Unión
Calle Madrigal;Madrigal
Calle Los Cucaleca;Los Cucaleca
Calle Lobo;Lobo
Calle La Plata;La Plata
Alameda 4;Alameda 4
Alameda 5;Alameda 5
Alameda 6;Alameda 6
Calle El Bosque;El Bosque
Calle Monge;Monge
Vía 122;122
Vía 122;122
Avenida Asunción;Asunción
Avenida Cartagena;Cartagena
Avenida Alexa;Alexa
Calle Barcelona;Barcelona
Avenida Maravilla;Maravilla
Calle Tupatán;Tupatán
Calle El Carmen;El Carmen
Airport Boulevard;Airport
Calle Fátima;Fátima
Calle Los Pochas;Los Pochas
Vía 3;3
Alameda 7 Sur;Alameda 7 Sur
Calle 2;2
Alameda 5 Sur;Alameda 5 Sur
Calle 3;3
Calle Los Mangos;Los Mangos
Acera 2;Acera 2
Calle 2;2
Calle Dos;Dos
Avenida El Molino;El Molino
Calle 3;3
Acera 5;Acera 5
Acera 2;Acera 2
Acera 4;Acera 4
Acera 3;Acera 3
Acera 7;Acera 7
Acera 5;Acera 5
Calle Uno;Uno
Avenida 32;32
Avenida 36A;36A
Vía 111;111
Vía 111;111
Vía 3;3
Vía 3;3
Vía 124;124
Calle Anastasio Alfaro;Anastasio Alfaro
Vía 122;122
Vía 122;122
Calle Marginal Norte;Marginal Norte
Calle Marginal Norte;Marginal Norte
Autopista Bernardo Soto;pista Bernardo Soto
Vía 727;727
Vía 727;727
Vía 727;727
Vía 727;727
Vía 111;111
Avenida Rosario;Rosario
Avenida Santiago;Santiago
Avenida Brasilia;Brasilia
Avenida Atocha;Atocha
Calle 7;7
Calle 8;8
Calle 9;9
Calle 10;10
Alameda Central;Alameda
Acera Central;Acera
Calle Primera;Primera
Calle Paso Real;Paso Real
Calle Paso Real;Paso Real
Calle del ICE;ICE
Vía 727;727
Vía 727;727
Vía 727;727
Vía 107;107
Vía 107;107
Vía 107;107
Vía 107;107
Vía 107;107
Vía 107;107
Vía 727;727
Vía 727;727
Vía 727;727
Avenida Holanda;Holanda
Avenida 2;2
Alameda 1 Sur;Alameda 1 Sur
Calle Ámsterdam;Ámsterdam
Calle La Haya;La Haya
Calle 1;1
Calle 1;1
Calle Tercera;Tercera
Avenida Primera;Primera
Calle Segunda;Segunda
Palí El Llano #3084;Palí El Llano #3084
Calle Bélgica;Bélgica
Calle La Empacadora;La Empacadora
Calle La Empacadora;La Empacadora
Calle 12;12
Calle Álvarez;Álvarez
Alameda 1;Alameda 1
Alameda 2;Alameda 2
Alameda 3;Alameda 3
Alameda 1;Alameda 1
Autopista General Cañas;pista General Cañas
Calle Montecillos;Montecillos
Vía 122;122
Vía 122;122
Calle 8;8
Avenida 32A;32A
Calle Los Araya;Los Araya
Banco Nacional de Costa Rica;Banco Nacional de Costa Rica
Servicentro La Ceiba;Servicentro La Ceiba
Avenida 11A;11A
Autopista José María Castro Madriz;pista José María Castro Madriz
Radial Francisco J. Orlich;Radial Francisco J. Orlich
Calle 20A;20A
Calle La Chumeca;La Chumeca
Avenida 22;22
Vía 130;130
Pasaje León Cortés Castro;León Cortés Castro
Avenida 13;13
Calle 20;20
Calle 21;21
Avenida 12;12
Calle Arroyo;Arroyo
Calle 6A;6A
Calle 17;17
Avenida 12;12
Calle 12;12
Avenida 6;6
Calle 34;34
Calle 2;2
Calle 4;4
Calle 3;3
Calle 5;5
Calle 1;1
Avenida El Pilón;El Pilón
Avenida El Molino;El Molino
Calle 1;1
Calle Rincón Chiquito;Rincón Chiquito
Calle 1;1
Calle 2;2
Calle La Loma;La Loma
Calle Montecillos;Montecillos
Avenida 1;1
Calle Cuadra;Cuadra
Avenida 5;5
Calle 24;24
Calle 26;26
Avenida 2;2
Calle 3;3
Calle 4;4
Paseo Centro Campero;Centro Campero
Calle 3;3
Autopista José María Castro Madriz;pista José María Castro Madriz
Autopista José María Castro Madriz;pista José María Castro Madriz
Autopista José María Castro Madriz;pista José María Castro Madriz
Autopista José María Castro Madriz;pista José María Castro Madriz
Vía 124;124
Vía 124;124
Calle Rojas;Rojas
Vía 124;124
Vía 124;124
Calle 10A;10A
Calle 50;50
Avenida 5;5
Acceso 1;Acceso 1
Autopista General Cañas;pista General Cañas
Radial Francisco J. Orlich;Radial Francisco J. Orlich
Calle 48;48
Avenida Antonio Arroyo;Antonio Arroyo
Calle Vista Real;Vista Real
Calle Vista Real;Vista Real
Calle El Cerro;El Cerro
Boulevard B;B
Boulevard B;B
Boulevard C;C
Calle 3;3
Boulevard B;B
Avenida 8;8
Boulevard C;C
Calle 1;1
Calle La Amistad;La Amistad
Avenida El Yugo;El Yugo
Calle La Esperanza;La Esperanza
Calle Nueva;Nueva
Calle Nueva;Nueva
Calle Nueva;Nueva
Calle Lagunilla;Lagunilla
Calle La Tinaja;La Tinaja
Calle La Cañada;La Cañada
Calle El Guayabal;El Guayabal
Avenida 7;7
Calle Poró;Poró
Calle Central;Central
Alameda Los Limones;Alameda Los Limones
Alameda Las Naranjas;Alameda Las Naranjas
Alameda Los Duraznos;Alameda Los Duraznos
Alameda Las Mandarinas;Alameda Las Mandarinas
Alameda Las Guayabas;Alameda Las Guayabas
Alameda Las Uvas;Alameda Las Uvas
Alameda Los Nísperos;Alameda Los Nísperos
Acera 3;Acera 3
Calle Florida;Florida
Calle Central;Central
Avenida 8;8
Calle La Cuesta;La Cuesta
Acera 3;Acera 3
Acera 1;Acera 1
Alameda 3;Alameda 3
Acera 3;Acera 3
Acera 2;Acera 2
Acera 1;Acera 1
Alameda 1;Alameda 1
Acera 1;Acera 1
Alameda 2;Alameda 2
Alameda C;Alameda C
Alameda B;Alameda B
Alameda C;Alameda C
Alameda B;Alameda B
Calle San Antonio;San Antonio
Alameda 1;Alameda 1
Alameda 2;Alameda 2
Alameda 2;Alameda 2
Alameda 1;Alameda 1
Avenida 2;2
Avenida 3;3
Avenida 4;4
Avenida Naranja;Naranja
Avenida Piña;Piña
Avenida del Río;Avenida del
Alameda 2;Alameda 2
Acera A;Acera A
Alameda 4;Alameda 4
Alameda 3;Alameda 3
Acera del Río;Acera del
Alameda 2;Alameda 2
Alameda 1;Alameda 1
Alameda 2;Alameda 2
Alameda 1;Alameda 1
Calle 19;19
Calle 19;19
Avenida 11A;11A
Avenida 13;13
Calle Los Higuerones;Los Higuerones
Calle 23;23
Avenida 0AN;0AN
Calle 19;19
Calle 19A;19A
Alameda 4;Alameda 4
Alameda 2 Norte;Alameda 2 Norte
Alameda 4 Norte;Alameda 4 Norte
Alameda 3 Oeste;Alameda 3 Oeste
Calle Campos;Campos
Callejón SK8;SK8
Acceso Principal;Acceso
Acceso 4;Acceso 4
Calle San Miguel;San Miguel
Calle López;López
Calle Providencia;Providencia
Calle Bernardo Castro;Bernardo Castro
Acceso 2;Acceso 2
Calle Barroeta;Barroeta
Acera 6;Acera 6
Alameda 1;Alameda 1
Alameda 2;Alameda 2
Alameda 2;Alameda 2
Alameda 3;Alameda 3
Alameda 4;Alameda 4
Alameda 3;Alameda 3
Alameda 4;Alameda 4
Alameda 4;Alameda 4
Acera 5;Acera 5
Acera 6;Acera 6
Acera 1;Acera 1
Calle D;D
Calle 10A;10A
Calle 8A;8A
Calle Principal;Principal
Alameda A;Alameda A
Acceso Principal;Acceso
Acceso 16;Acceso 16
Acceso 18;Acceso 18
Acceso 17;Acceso 17
Acceso 4;Acceso 4
Acceso 5;Acceso 5
Acceso 1;Acceso 1
Acceso 2;Acceso 2
Acceso 3;Acceso 3
Calle Promesas;Promesas
Calle La Familia;La Familia
Calle Los Higuerones;Los Higuerones
Avenida 6;6
Vía 123;123
Calle 26;26
Avenida 1A;1A
Avenida 3;3
Calle 3;3
Calle 3;3
Calle 14;14
Avenida 38;38
Avenida 38;38
Calle La Trocha;La Trocha
Calle 1;1
Calle 42A;42A
Calle 40;40
Calle 40A;40A
Calle Arboleda;Arboleda
Vía 130;130
Vía 712;712
Vía 130;130
Avenida 7A;7A
Calle Principal;Principal
Avenida General Tomás Guardia;General Tomás Guardia
Vía 3;3
Calle Soto Artavia;Soto Artavia
Autopista General Cañas;pista General Cañas
Autopista General Cañas;pista General Cañas
Avenida Juan Alfaro Ruíz;Juan Alfaro Ruíz
Avenida 1;1
Alameda 4;Alameda 4
Alameda 7;Alameda 7
Alameda 2;Alameda 2
Alameda 1;Alameda 1
Acera 8;Acera 8
Calle Central;Central
Avenida 1;1
Avenida 2;2
Alameda 2;Alameda 2
Alameda 1;Alameda 1
Avenida 1;1
Alameda 3;Alameda 3
Alameda 4;Alameda 4
Alameda 3;Alameda 3
Calle Segunda;Segunda
Acceso Principal;Acceso
Acceso Principal;Acceso
Avenida 31;31
Avenida 29;29
Avenida 27;27
Calle La Gardenia;La Gardenia
Calle 27;27
Calle 1;1
Avenida 7;7
Boulevard D;D
Boulevard D;D
Boulevard A;A
Boulevard A;A
Avenida 8;8
Acceso 2;Acceso 2
Acceso 5;Acceso 5
Acceso 4;Acceso 4
Acceso 3;Acceso 3
Calle Los Mangos;Los Mangos
Calle 5;5
Calle Loma Linda;Loma Linda
Calle Román;Román
Calle Uno;Uno
Avenida Dos;Dos
Avenida Uno;Uno
Avenida 7;7
Calle 22;22
Calle 22;22
Calle 6;6
Avenida 11;11
Avenida 9A;9A
Calle Anastasio Alfaro;Anastasio Alfaro
Avenida General Tomás Guardia;General Tomás Guardia
Avenida Bernardo Soto;Bernardo Soto
Calle Ismael Chaverri Quesada;Ismael Chaverri Quesada
Avenida Jesús Ocaña Rojas;Jesús Ocaña Rojas
Salidas;Salidas
Calle Ismael Chaverri Quesada;Ismael Chaverri Quesada
Calle 12A;12A
Calle 15A;15A
Avenida 18;18
Avenida 12A;12A
Calle 7;7
Calle Matadero;Matadero
Boulevard de Andalucía;Andalucía
Avenida Uno;Uno
Boulevard de Andalucía;Andalucía
Boulevard de Andalucía;Andalucía
Boulevard de Andalucía;Andalucía
Boulevard de Andalucía;Andalucía
Boulevard de Andalucía Sur;Andalucía Sur
Boulevard de Andalucía Sur;Andalucía Sur
Boulevard de Andalucía Norte;Andalucía Norte
Boulevard de Andalucía Norte;Andalucía Norte
Calle Lujuria;Lujuria
Calle La Cañada;La Cañada
Calle La Cañada;La Cañada
Avenida 0;0
Calle 0;0
Avenida 2;2
Calle 1;1
Avenida 1;1
Calle 3;3
Avenida 1;1
Calle 2;2
Calle 3;3
Calle 2;2
Calle Ernesto Morera;Ernesto Morera
Calle Ernesto Morera;Ernesto Morera
Vía 3;3
Calle Arias;Arias
Calle 0A;0A
Calle Central;Central
Radial Francisco J. Orlich;Radial Francisco J. Orlich
Calle Ernesto Morera;Ernesto Morera
Calle ancha - Sureste;ancha - Sureste
Avenida Guaria;Guaria
Boulevard Flores;Flores
Calle Segunda;Segunda
Calle Primera;Primera
Boulevard del Río;Boulevard del
Boulevard del Río;Boulevard del
Avenida De Las Provincias;De Las Provincias
Calle 19;19
Calle 25;25
Vía 123;123
Calle Verde Amarela;VerAmarela
Calle 7;7
Avenida 4;4
Avenida 3;3
Vía 3;3
Vía 3;3
Calle Santa Lucía;Santa Lucía
Calle Cacao;Cacao
Calle Cacao;Cacao
Calle Los Gringos;Los Gringos
Calle Ramírez;Ramírez
Calle San Pío;San Pío
Calle Los Pérez;Los Pérez
Calle La Unión;La Unión
Calle Cerro;Cerro
Avenida Segunda;Segunda
Calle Segunda;Segunda
Avenida Machu Pichu;Machu Pichu
Avenida 11A;11A
Avenida Diquis;Diquis
Calle Cedros;Cedros
Avenida Las Rosas;Las Rosas
Avenida 5;5
Calle 4;4
Calle 3;3
Avenida 6;6
Avenida 1;1
Avenida 15;15
Calle 29;29
Transversal 27;Transversal 27
Avenida 13A;13A
Vía 125;125
Calle 1;1
Avenida 21;21
Avenida 23;23
Acceso Principal;Acceso
Bulevar Aeropuerto;Bulevar Aeropuerto
Autopista General Cañas;pista General Cañas
UTN;UTN
Calle Rodeo;Rodeo
Vía 718;718
Vía 718;718
Calle Loría;Loría
Calle Ernesto Morera;Ernesto Morera
Calle Ernesto Morera;Ernesto Morera
Calle La Rosa;La Rosa
Vía 712;712
Vía 712;712
Vía 712;712
Vía 712;712
Vía 727;727
Vía 3;3
Vía 3;3
Radial Francisco J. Orlich;Radial Francisco J. Orlich
Radial Francisco J. Orlich;Radial Francisco J. Orlich
Radial Francisco J. Orlich;Radial Francisco J. Orlich
Radial Francisco J. Orlich;Radial Francisco J. Orlich
Vía 130;130
Calle Elizabeth;Elizabeth
Calle La Loma;La Loma
Calle Providencia;Providencia
Calle Providencia;Providencia
Calle La Loma;La Loma
Calle Jerusalén;Jerusalén
Calle Nueva;Nueva
Vía 146;146
Vía 146;146
Avenida Juan Manuel López del Corral;Juan Manuel López Corral
Avenida Juan Manuel López del Corral;Juan Manuel López Corral
Avenida Juan Manuel López del Corral;Juan Manuel López Corral
Avenida Juan Manuel López del Corral;Juan Manuel López Corral
Avenida Juan Manuel López del Corral;Juan Manuel López Corral
Avenida Juan Manuel López del Corral;Juan Manuel López Corral
Boulevard del Río;Boulevard del
Boulevard del Río;Boulevard del
Calle La Flory;La Flory
Calle La Flory;La Flory
Vía 118;118
Vía 118;118
Vía 130;130
Vía 130;130
Calle Rodeo;Rodeo
Calle Cooperativa;Cooperativa
Calle Cooperativa;Cooperativa
Calle Cooperativa;Cooperativa
calle universidad;universidad
Calle Sibaja;Sibaja
Calle Sibaja;Sibaja
Calle Sibaja;Sibaja
Calle Anastasio Alfaro;Anastasio Alfaro
Calle Anastasio Alfaro;Anastasio Alfaro
Avenida Juan Santamaría;Juan Santamaría
Avenida Juan Santamaría;Juan Santamaría
Avenida Juan Santamaría;Juan Santamaría
Avenida Juan Santamaria;Juan Santamaria
Avenida Juan Santamaría;Juan Santamaría
Calle Ismael Chaverri Quesada;Ismael Chaverri Quesada
Calle Ismael Chaverri Quesada;Ismael Chaverri Quesada
Calle Ismael Chaverri Quesada;Ismael Chaverri Quesada
Avenida Juan Manuel López del Corral;Juan Manuel López Corral
Avenida Juan Manuel López del Corral;Juan Manuel López Corral
Calle General Eloy Alfaro;General Eloy Alfaro
Avenida Antonio Arroyo;Antonio Arroyo
Avenida Dos;Dos
Avenida El Carmen;El Carmen
Calle Los Guevara;Los Guevara
Calle 7;7
Avenida Juan Alfaro Ruíz;Juan Alfaro Ruíz
Calle Arroyo;Arroyo
Avenida Juan Alfaro Ruíz;Juan Alfaro Ruíz
Calle Potrerillo;Potrerillo
Avenida General Tomás Guardia;General Tomás Guardia
Avenida Antonio Arroyo;Antonio Arroyo
Calle Anastasio Alfaro;Anastasio Alfaro
Calle La Estación;La Estación
Avenida Jesús Ocaña Rojas;Jesús Ocaña Rojas
Vía 124;124
Calle Rodeo;Rodeo
Calle El Sesteo;El Sesteo
Calle Santa Bárbara;Santa Bárbara
Calle Montecillos;Montecillos
Calle La Loma;La Loma
Calle La Claudia;La Claudia
Vía 123;123
Calle La Empacadora;La Empacadora
Calle Bajos;Bajos
Acceso 3;Acceso 3
Acceso 2;Acceso 2
Acceso 1;Acceso 1
Acceso 4;Acceso 4
Calle 3;3
Calle 1;1
Avenida 2;2
Avenida Primera;Primera
Avenida Bernardo Soto;Bernardo Soto
Calle La Estación;La Estación
Avenida Bernardo Soto;Bernardo Soto
Avenida Juan Manuel López del Corral;Juan Manuel López Corral
Calle La Estación;La Estación
Calle León Fernández;León Fernández
Avenida Juan Manuel López del Corral;Juan Manuel López Corral
Acceso 1;Acceso 1
Acceso 1;Acceso 1
Calle Principal;Principal
Calle Principal;Principal
Alameda 1;Alameda 1
Alameda 2;Alameda 2
Radial Francisco J. Orlich;Radial Francisco J. Orlich
Avenida De Las Provincias;De Las Provincias
Calle Lagunilla;Lagunilla
Avenida Parque;Parque
Calle 1;1
Calle Cinco;Cinco
Vía 125;125
Calle Cinco;Cinco
Calle 4;4
Avenida 1;1
Avenida 1;1
Avenida 32A;32A
Calle Lagunilla;Lagunilla
Calle Lagunilla;Lagunilla
Calle 9;9
Calle Primera;Primera
Calle Solórzano;Solórzano
Vía 130;130
Vía 130;130
Avenida Higuerón;Higuerón
Autopista General Cañas;pista General Cañas
Boulevard Parque Industrial;Boulevard  Industrial
Autopista General Cañas;pista General Cañas
Calle Pasito;Pasito
Calle Central;Central
Calle Pasito;Pasito
Calle Las Américas;Las Américas
Vía 123;123
Vía 123;123
Calle Rosales;Rosales
Calle Obispo Tristán;Obispo Tristán
Avenida De Las Provincias;De Las Provincias
Calle Anastasio Alfaro;Anastasio Alfaro
Calle La Concordia;La Concordia
Avenida Juan Manuel López del Corral;Juan Manuel López Corral
Avenida Juan Manuel López del Corral;Juan Manuel López Corral
Calle Arias;Arias
Radial Francisco J. Orlich;Radial Francisco J. Orlich
Calle Lagunilla;Lagunilla
Radial Francisco J. Orlich;Radial Francisco J. Orlich
Avenida Antonio Arroyo;Antonio Arroyo
Vía 125;125
Alameda 2;Alameda 2
Calle 4;4
Avenida 15;15
Calle Santa Fe;Santa Fe
Calle Mangos;Mangos
Calle B;B
Calle B;B
Calle A;A
Calle A;A
Calle C;C
Calle Mango Plaza;Mango Plaza
Calle 1A;1A
Avenida 20A;20A
Vía 124;124
Vía 124;124
Calle 12;12
Calle 12;12
Alameda 4;Alameda 4
Calle La Cañada;La Cañada
Calle Las Américas;Las Américas
Calle Las Américas;Las Américas
Avenida Primera;Primera
Calle Las Américas;Las Américas
Calle 2;2
Avenida 1;1
Vía 3;3
Calle Arroyo;Arroyo
Avenida Jesús Ocaña Rojas;Jesús Ocaña Rojas
Avenida Juan Alfaro Ruíz;Juan Alfaro Ruíz
Calle La Estación;La Estación
Calle El Mesón;El Mesón
Avenida Juan Alfaro Ruíz;Juan Alfaro Ruíz
Avenida Antonio Arroyo;Antonio Arroyo
Calle Ernesto Morera;Ernesto Morera
Calle 26;26
Avenida Bernardo Soto;Bernardo Soto
Calle 29;29
Calle 29;29
Calle Ismael Chaverri Quesada;Ismael Chaverri Quesada
Avenida Jesús Ocaña Rojas;Jesús Ocaña Rojas
Radial Francisco J. Orlich;Radial Francisco J. Orlich
Calle 31;31
Calle 31;31
Calle 25;25
Calle 1;1
Calle 2;2
Calle 3;3
Avenida 6;6
Calle Paso Flores;Paso Flores
Avenida Bernardo Soto;Bernardo Soto
Avenida Juan Santamaría;Juan Santamaría
Calle La Concordia;La Concordia
Avenida Bernardo Soto;Bernardo Soto
Calle La Concordia;La Concordia
Calle 17;17
Avenida La Concordia;La Concordia
Calle Lagunilla;Lagunilla
Avenida Jesús Ocaña Rojas;Jesús Ocaña Rojas
Calle Lagunilla;Lagunilla
Avenida 1;1
Calle Ismael Chaverri Quesada;Ismael Chaverri Quesada
Calle Paso Flores;Paso Flores
Calle Paso Flores;Paso Flores
Avenida De Las Provincias;De Las Provincias
Vía 124;124
Vía 125;125
Calle Buríos;Buríos
Calle Rodeo;Rodeo
Calle Zamora;Zamora
Calle La Reforma;La Reforma
Avenida 0AN;0AN
Calle Anastasio Alfaro;Anastasio Alfaro
Vía 125;125
Calle Segunda;Segunda
Avenida Primera;Primera
Hotel Mango;Hotel Mango
Hotel Mango;Hotel Mango
Autopista General Cañas;pista General Cañas
Llegadas;Llegadas
Llegadas;Llegadas
Llegadas;Llegadas
Llegadas;Llegadas
Llegadas;Llegadas
Llegadas;Llegadas
Vía 130;130
Autopista General Cañas;pista General Cañas
Calle La Cañada;La Cañada
Principal Natura Viva;Natura Viva
Calle 2;2
Calle 2;2
Avenida La Giralda;La Giralda
Avenida La Giralda;La Giralda
Calle 172;172
Principal Natura Viva;Natura Viva
Principal Natura Viva;Natura Viva
Boulevard del Río;Boulevard del
Calle Mango Plaza;Mango Plaza
Calle 2;2
Calle 1;1
Avenida 2;2
Avenida 1;1
Avenida 1;1
Avenida 3;3
Calle Almendro;Almendro
Calle Cortéz;Cortéz
Avenida Cristóbal;Cristóbal
Acceso 1;Acceso 1
Acceso 2;Acceso 2
Calle Rincón Herrera;Rincón Herrera
Acceso 9;Acceso 9
Acceso 8;Acceso 8
Acceso 14;Acceso 14
Acceso 15;Acceso 15
Acceso 16;Acceso 16
Acceso Principal;Acceso
Acceso 12;Acceso 12
Acceso 6;Acceso 6
Acceso 11A;Acceso 11A
Acceso 11B;Acceso 11B
Acceso 11C;Acceso 11C
Acceso 5;Acceso 5
Acceso 4;Acceso 4
Acceso 3;Acceso 3
Acceso 1;Acceso 1
Acceso 2;Acceso 2
Acceso 1;Acceso 1
Avenida 3;3
Boulevard Central;Boulevard
Avenida 1;1
Avenida 2;2
Calle 1;1
Calle 2;2
Calle 4;4
Acceso Principal;Acceso
Acceso 10;Acceso 10
Calle Los Laureles;Los Laureles
Calle Los Almendros;Los Almendros
Calle Los Pinos;Los Pinos
Calle Los Higuerones;Los Higuerones
Calle Las Américas;Las Américas
Alameda C;Alameda C
Acera F;Acera F
Avenida 3;3
Avenida 11;11
Calle 7;7
Calle Pochote;Pochote
Calle El Guayacán;El Guayacán
Avenida 1;1
Avenida 2;2
Avenida 1;1
Calle Las Américas;Las Américas
Calle 25;25
Calle Los Targuases;Los Targuases
Calle Las Américas;Las Américas
Vía 130;130
Avenida El Carmen;El Carmen
Calle La Paz;La Paz
Avenida Los Olivos;Los Olivos
Calle La Paz;La Paz
Avenida 10;10
Calle Campo Real;Campo Real
Calle Villas del Campo;Villas Campo
Calle Villas del Campo;Villas Campo
Calle Villas del Campo;Villas Campo
Calle Villas del Campo;Villas Campo
Avenida El Ingenio;El Ingenio
Calle del Río;Calle del
Avenida Las Torres;Las Torres
Calle Segunda;Segunda
Calle 2;2
Avenida 1;1
Avenida 3;3
Avenida 3;3
Boulevard;
Calle Los Violines;Los Violines
Avenida 4;4
Calle 1;1
Avenida 4;4
Calle 3;3
Avenida 0;0
Calle Rincón Chiquito;Rincón Chiquito
Calle Rotterdam;Rotterdam
Calle Paso Real;Paso Real
Calle Paso Real;Paso Real
Calle Paso Real;Paso Real
Calle Vista Real;Vista Real
Calle Vista Real;Vista Real
Calle Bosque Real II;Bosque Real II
Calle Bosque Real II;Bosque Real II
Calle Bosque Real II;Bosque Real II
Calle Bosque Real II;Bosque Real II
Calle Bosque Real I;Bosque Real I
Calle Bosque Real I;Bosque Real I
Calle Bosque Real I;Bosque Real I
Calle Campo Alto;Campo Alto
Calle Paso Real;Paso Real
Calle San Vicente;San Vicente
Calle Mango;Mango
Avenida La Giralda;La Giralda
Calle Pasito;Pasito
Calle Pasito;Pasito
Calle Segunda;Segunda
Calle Primera;Primera
Calle Pasito;Pasito
Calle La Candela;La Candela
Avenida 1;1
Avenida 5;5
Calle Tres;Tres
Calle 2;2
Avenida 5;5
Avenida 3;3
Calle La Paz;La Paz
Alameda 8;Alameda 8
Avenida Antonio Arroyo;Antonio Arroyo
Vía 123;123
Vía 123;123
Vía 125;125
Vía 125;125
Avenida Parque;Parque
Avenida Parque;Parque
Vía 125;125
Autopista General Cañas;pista General Cañas
Avenida La Concordia;La Concordia
Avenida La Concordia;La Concordia
Autopista General Cañas;pista General Cañas
Bulevar Aeropuerto;Bulevar Aeropuerto
Autopista General Cañas;pista General Cañas
Calle Maravilla;Maravilla
Avenida La Concordia;La Concordia
Calle Obispo Tristán;Obispo Tristán
Alameda 0;Alameda 0
Calle 12;12
Calle 12;12
Autopista General Cañas;pista General Cañas
Calle Marginal Norte;Marginal Norte
Calle Marginal NorteCalle Marginal Norte;Marginal NorteCalle Marginal Norte
Autopista Bernardo Soto;pista Bernardo Soto
Vía 124;124
Autopista General Cañas;pista General Cañas
Calle Uno;Uno
Calle Uno;Uno
Calle Uno;Uno
Calle Uno;Uno
Avenida Uno;Uno
Avenida Uno;Uno
Avenida Uno;Uno
Avenida Dos;Dos
Avenida 38;38
Vía 124;124
Vía 124;124
Calle Buríos;Buríos
Boulevard B;B
Avenida 6;6
Acceso 2;Acceso 2
Acceso 3;Acceso 3
Acceso 5;Acceso 5
Acceso 6;Acceso 6
Calle 1;1
Calle Pasito;Pasito
Calle Álvarez;Álvarez
Calle 10;10
Bulevar Aeropuerto;Bulevar Aeropuerto
Calle Los Targuases;Los Targuases
Acceso 4;Acceso 4
Boulevard D;D
Boulevard D;D
Acceso 5;Acceso 5
Vía 119;119
Bulevar Aeropuerto;Bulevar Aeropuerto
Bulevar Aeropuerto;Bulevar Aeropuerto
Calle Walmart;Walmart
Calle Walmart;Walmart
Calle Walmart;Walmart
Avenida 0;0
Bulevar Aeropuerto;Bulevar Aeropuerto
Calle Guaria;Guaria
Calle Guaria;Guaria
Calle Arenal;Arenal
Avenida Tenorio;Tenorio
Avenida Poás;Poás
Avenida Irazú;Irazú
Calle Tilarán;Tilarán
Calle Cloacas;Cloacas
Calle Poás;Poás
Calle Orotina;Orotina
Calle San Ramón;San Ramón
Calle Zarcero;Zarcero
Calle Grecia;Grecia
Calle Guatuso;Guatuso
Calle Palmares;Palmares
Calle Alajuela;Alajuela
Calle Poás;Poás
Calle Atenas;Atenas
Calle Naranjo;Naranjo
Calle de Maní;Maní
Avenida 11;11
Calle Los Portones;Los Portones
Avenida Primera;Primera
Avenida Segunda;Segunda
Calle Primera;Primera
Calle Córdoba;Córdoba
Alameda 3;Alameda 3
Radial Coyol;Radial Coyol
Calle Segunda;Segunda
Calle Segunda;Segunda
Calle Principal;Principal
Avenida 1;1
Calle Marginal Norte;Marginal Norte
Alameda 2;Alameda 2
Acera B;Acera B
Autopista José María Castro Madriz;pista José María Castro Madriz
Airport Boulevard;Airport
Airport Boulevard;Airport
Calle Segura;Segura
Alameda 5;Alameda 5
Acera 8;Acera 8
Avenida 1;1
Calle Eribela López;Eribela López
Calle 2;2
Calle Las Monjas;Las Monjas
Avenida Holanda;Holanda
Calle 1;1
Avenida 2;2
Calle 1;1
Alameda 7;Alameda 7
Alameda 6;Alameda 6
Alameda 4;Alameda 4
Alameda 3;Alameda 3
Alameda 1;Alameda 1
Alameda 9;Alameda 9
Alameda 10;Alameda 10
Alameda 12;Alameda 12
Alameda 11;Alameda 11
Alameda 5;Alameda 5
Avenida 1;1
Avenida 4;4
Avenida 2;2
Calle 1;1
Calle 2;2
Alameda 3;Alameda 3
Acera 2;Acera 2
Acera 2;Acera 2
Alameda 3;Alameda 3
Alameda A;Alameda A
Alameda C;Alameda C
Alameda A;Alameda A
Alameda D;Alameda D
Calle 1;1
Avenida 7;7
Calle Santa Marta;Santa Marta
Avenida Maravilla;Maravilla
Calle Tercera;Tercera
Calle Segunda;Segunda
Alameda 3;Alameda 3
Calle 2;2
Calle Mango;Mango
Calle Mango;Mango
Avenida 2;2
Avenida 2;2
Avenida 2;2
Alameda 1;Alameda 1
Avenida Babel;Babel
Avenida Eufrates;Eufrates
Alameda 5;Alameda 5
Calle 0;0
Alameda 2;Alameda 2
Acera 8;Acera 8
Acera 7;Acera 7
Acera 7;Acera 7
Alameda 5;Alameda 5
Calle 2;2
Alameda 3 Sur;Alameda 3 Sur
Avenida Los Higuerones;Los Higuerones
Alameda 1 Este;Alameda 1 Este
Calle 1;1
Calle Principal;Principal
Alameda 1;Alameda 1
Avenida Tres;Tres
Calle Cero;Cero
Calle Tres;Tres
Calle Tercera;Tercera
Calle 5;5
Avenida 4;4
Avenida 2;2
Calle 6;6
Acera 0;Acera 0
Acera 0;Acera 0
Alameda 2;Alameda 2
Acera 0;Acera 0
Alameda 2;Alameda 2
Calle Rosales;Rosales
Calle Sabaneta;Sabaneta
Avenida 2;2
Avenida 3;3
Avenida 4;4
Calle 2;2
Avenida 0;0
Avenida 5;5
Avenida 7;7
Avenida 8;8
Avenida 9;9
Avenida 10;10
Calle 2;2
Calle 2;2
Avenida 4;4
Calle Évora;Évora
Avenida Azores;Azores
Calle 1;1
Calle 4;4
Calle 7;7
Calle 2;2
Calle 6;6
Avenida 4;4
Calle 7;7
Avenida Primera;Primera
Avenida 2;2
Avenida Segunda;Segunda
Avenida Tercera;Tercera
Avenida Quinta;Quinta
Acceso 10;Acceso 10
Acceso 17;Acceso 17
Acceso 11D;Acceso 11D
Acceso 11;Acceso 11
Acceso Principal;Acceso
Acceso 7;Acceso 7
Acceso 13;Acceso 13
Avenida Alhambra;Alhambra
Av. Castilla;Castilla
Calle Segunda;Segunda
Calle Tercera;Tercera
Avenida 4;4
Avenida 2;2
Avenida Central;Central
Calle 4;4
Alameda 0;Alameda 0
Calle 2;2
Calle San Ramón;San Ramón
Avenida Pochote;Pochote
Calle Cenízaro;Cenízaro
Calle Laurel;Laurel
Calle Níspero;Níspero
Calle Laurel;Laurel
Calle Cenízaro;Cenízaro
Avenida 2;2
Calle El Fogón;El Fogón
Avenida El Metate;El Metate
Calle Central;Central
Avenida 11A;11A
Calle Principal;Principal
Calle La Mortadela;La Mortadela
Avenida 1;1
Calle Central;Central
Calle Higuerón;Higuerón
Avenida 2;2
Alameda 3;Alameda 3
Alameda 1;Alameda 1
Avenida 2;2
Calle Central;Central
Alameda Las Piñas;Alameda Las Piñas
Alameda Las Manzanas;Alameda Las Manzanas
Acera 1;Acera 1
Calle Las Ciruelas;Las Ciruelas
Alameda Las Moras;Alameda Las Moras
Alameda Las Fresas;Alameda Las Fresas
Alameda Los Jocotes;Alameda Los Jocotes
Alameda Los Mangos;Alameda Los Mangos
Alameda Los Mangos;Alameda Los Mangos
Alameda 2;Alameda 2
Acera 3;Acera 3
Acera 3;Acera 3
Alameda 13;Alameda 13
Alameda 8;Alameda 8
Calle 1;1
Avenida Segunda;Segunda
Avenida Tercera;Tercera
Avenida Segunda;Segunda
Avenida Primera;Primera
Calle Pujol;Pujol
Avenida Heliconias;Heliconias
Calle Edwin;Edwin
Avenida Bertilia;Bertilia
Calle Ulises;Ulises
Calle Mayra;Mayra
Calle Fabio;Fabio
Calle La Esperanza;La Esperanza
Calle Primera;Primera
Alameda 1;Alameda 1
Calle Segunda;Segunda
Alameda 4;Alameda 4
Calle Primera;Primera
Calle Primera;Primera
Calle Elizabeth;Elizabeth
Calle Uno;Uno
Calle Dos;Dos
Calle 1;1
Calle 3;3
Alameda 5;Alameda 5
Avenida Santa Teresita;Santa Teresita
Alameda 6;Alameda 6
Alameda 3;Alameda 3
Avenida 36A;36A
Calle 24;24
Avenida 5;5
Calle 1;1
Avenida 4;4
Calle 2;2
Calle 1;1
Calle 2;2
Avenida 15;15
Calle Primera - Simón;Primera - Simón
Avenida 1;1
Calle Titicaca;Titicaca
Avenida 15;15
Avenida Las Guarias;Las Guarias
Calle Vargas;Vargas
Calle Vásquez;Vásquez
Calle El Chompipe;El Chompipe
Calle La Unión;La Unión
Calle Muñoz;Muñoz
Alameda 1;Alameda 1
Alameda 2;Alameda 2
Alameda 3;Alameda 3
Alameda 4;Alameda 4
Alameda A;Alameda A
Alameda B;Alameda B
Alameda C;Alameda C
Calle El Urbano;El Urbano
Avenida 1;1
Calle 1;1
Avenida Tercera;Tercera
Avenida Primera;Primera
Calle Vargas;Vargas
Boulevard Los Malinches;Los Malinches
Boulevard Los Malinches;Los Malinches
Boulevard Los Malinches;Los Malinches
Boulevard Los Malinches;Los Malinches
Avenida 2;2
Calle 1;1
Avenida 1;1
Avenida La Alvarada;La Alvarada
Calle 1;1
Calle 2;2
Calle Recibidor;Recibidor
Calle Recibidor;Recibidor
Acceso Cedros;Acceso Cedros
Acceso Sauce;Acceso Sauce
Acceso Nogal;Acceso Nogal
Calle La Esperanza;La Esperanza
Calle La Esperanza;La Esperanza
Calle La Esperanza;La Esperanza
Calle Lajas;Lajas
Calle Pedregal;Pedregal
Calle Pedregal;Pedregal
Calle Pedregal;Pedregal
Calle Pedregal;Pedregal
Calle Cabal;Cabal
Calle La Funeraria;La Funeraria
Calle 7;7
Calle Afrecho;Afrecho
Avenida 2;2
Avenid 6;enid 6
Alameda 1;Alameda 1
Alameda 2;Alameda 2
Alameda 3;Alameda 3
Alameda 4;Alameda 4
Alameda 5;Alameda 5
Alameda 6;Alameda 6
Alameda 1;Alameda 1
Alameda 2;Alameda 2
Alameda 3;Alameda 3
Avenida La Fraternidad;La Fraternidad
Alameda 10;Alameda 10
Alameda 9;Alameda 9
Alameda 11;Alameda 11
Calle La Amistad;La Amistad
Alameda 4;Alameda 4
Avenida 12;12
Avenida 8;8
Calle 2;2
Acceso 5;Acceso 5
Avenida 1;1
Avenida 2;2
Calle 1;1
Avenida 1;1
Calle 1;1
Avenida 1;1
Calle 1;1
Calle 3;3
Calle 1;1
Calle 1;1
Calle 1;1
Boulevard;
Calle 1;1
Avenida 1;1
Calle Terrazas;Terrazas
Avenida 7;7
Vía 111;111
Avenida Poás;Poás
Calle Poás;Poás
Calle Fátima;Fátima
Calle Fátima;Fátima
Calle Primavera;Primavera
Calle Primavera;Primavera
Vía 125;125
Calle Azteca;Azteca
Calle Alfaro;Alfaro
Calle San Vicente;San Vicente
Calle Sandoval;Sandoval
Calle Tres;Tres
Avenida Uno;Uno
Calle Uno;Uno
Calle Dos;Dos
Calle María Auxiliadora;María Auxiliadora
Avenida 1;1
Calle 2;2
Calle Basurero;Basurero
Calle María Elena;María Elena
Calle La Cañada;La Cañada
Calle 26;26
Vía 123;123
Calle Arena;Arena
Avenida 1;1
Avenida 1;1
Avenida 2;2
Avenida 1;1
Calle 6;6
Calle 3;3
Calle 2;2
Calle 5;5
Calle 4;4
Avenida 1;1
Avenida 1;1
Calle 1;1
Acera A;Acera A
Calle Ernesto Morera;Ernesto Morera
Calle Ernesto Morera;Ernesto Morera
Avenida 38;38
Calle Santa Fe;Santa Fe
Vía 126;126
Calle La Candela;La Candela
Calle La Candela;La Candela
Vía 111;111
Calle Ismael Chaverri Quesada;Ismael Chaverri Quesada
Calle 15A;15A
Salidas;Salidas
Avenida 1;1
Calle Central;Central
Calle Cacao;Cacao
Calle Paso Flores;Paso Flores
Ruta Nacional 3;Ruta Nacional 3
Vía 3;3
Vía 3;3
Vía 3;3
Calle Aguilar Molina;Aguilar Molina
Boulevard del Río;Boulevard del
Avenida 32A;32A
Avenida Bernardo Soto;Bernardo Soto
Calle Obispo Tristán;Obispo Tristán
Calle Obispo Tristán;Obispo Tristán
Avenida Juan Manuel López del Corral;Juan Manuel López Corral
Avenida El Molino;El Molino
Calle Lagunilla;Lagunilla
Calle Eribela López;Eribela López
Calle Eribela López;Eribela López
Pasaje Roma;Roma
Calle Bajo Las Cañas;Bajo Las Cañas
Calle Bajo Las Cañas;Bajo Las Cañas
Calle Walmart;Walmart
Radial Francisco J. Orlich;Radial Francisco J. Orlich
Radial Francisco J. Orlich;Radial Francisco J. Orlich
Radial Francisco J. Orlich;Radial Francisco J. Orlich
Radial Francisco J. Orlich;Radial Francisco J. Orlich
Alameda 3;Alameda 3
Avenida Juan Manuel López del Corral;Juan Manuel López Corral
Calle General Eloy Alfaro;General Eloy Alfaro
Avenida Bernardo Soto;Bernardo Soto
Calle General Eloy Alfaro;General Eloy Alfaro
Avenida Bernardo Soto;Bernardo Soto
Calle Mangos;Mangos
Calle Mangos;Mangos
Acceso Principal;Acceso
Acceso Principal;Acceso
Avenida 12;12
Vía 124;124
Vía 124;124
Avenida Juan Manuel López del Corral;Juan Manuel López Corral
Calle La Paz;La Paz
Calle Arroyo;Arroyo
Avenida Juan Manuel López del Corral;Juan Manuel López Corral
Calle Los Sánchez;Los Sánchez
Calle Los Araya;Los Araya
Calle Los Araya;Los Araya
Avenida 24;24
Avenida 24;24
Calle D;D
Calle D;D
Calle Paso Flores;Paso Flores
Avenida Juan Manuel López del Corral;Juan Manuel López Corral
Calle 7;7
Calle Maravilla;Maravilla
Avenida Juan Manuel López del Corral;Juan Manuel López Corral
Vía 124;124
Alameda 7;Alameda 7
Alameda 6;Alameda 6
Acera del Río;Acera del
Calle Montecillos;Montecillos
Boulevard Flores;Flores
Boulevard Flores;Flores
Avenida Guaria;Guaria
Avenida Guaria;Guaria
Calle 2;2
Calle 1;1
Calle 3;3
Calle 2;2
Acceso 2;Acceso 2
Acceso 3;Acceso 3
Acceso 1;Acceso 1
Acceso 1;Acceso 1
Acceso 3;Acceso 3
Acceso 4;Acceso 4
Cale 5;Cale 5
Avenida 4;4
Avenida 11;11
Avenida 7;7
Acceso 2;Acceso 2
Acceso 1;Acceso 1
Acceso 5;Acceso 5
Acceso 6;Acceso 6
Calle 2;2
Acceso 4;Acceso 4
Acceso 1;Acceso 1
Acceso 4;Acceso 4
Acceso 1;Acceso 1
Acceso 2;Acceso 2
Acceso 2;Acceso 2
Calle Tajo;Tajo
Boulevard;
Boulevard;
Avenida 2;2
Calle 2;2
Avenida Guacamaya;Guacamaya
Boulevard Jacamará;Jacamará
Boulevard Jacamará;Jacamará
Calle Pinzón;Pinzón
Calle Gorrión;Gorrión
Calle Gavilán;Gavilán
Calle Paloma;Paloma
Calle Lechuza;Lechuza
Calle Carpintero;Carpintero
Calle Garza;Garza
Calle Golondrina;Golondrina
Calle Loro;Loro
Avenida Urraca;Urraca
Avenida Tucán;Tucán
Calle 0;0
Calle 3;3
Avenida 4;4
Avenida 0;0
Avenida Cuarta;Cuarta
Calle Segunda;Segunda
Avenida Primera;Primera
Avenida Orquídeas;Orquídeas
Calle Mangos;Mangos
Calle Primera;Primera
Avenida Primera;Primera
Alameda 1;Alameda 1
Alameda 2;Alameda 2
Boulevard Parque Industrial;Boulevard  Industrial
Calle Marginal Sur;Marginal Sur
Calle Dos;Dos
Avenida Dos;Dos
Avenida 3;3
Acceso 1;Acceso 1
Acceso 2;Acceso 2
Acceso 3;Acceso 3
Acceso 4;Acceso 4
Acceso 5;Acceso 5
Acceso 6;Acceso 6
Acceso 4;Acceso 4
Acceso 2;Acceso 2
Acceso 3;Acceso 3
Calle 15;15
Calle Los Higuerones;Los Higuerones
Calle 2;2
Calle 1;1
Avenida 1;1
Calle 8;8
Avenida 1;1
Avenida 6;6
Calle 8;8
Avenida 1;1
Calle 1;1
Acera A;Acera A
Calle Fortaleza;Fortaleza
Avenida Río de Janeiro;Avenida  Janeiro
Calle Salvador;Salvador
Calle 3;3
Calle Flores;Flores
Calle María Elena;María Elena
Calle 50;50
Calle 50;50
Avenida 24;24
Vía 727;727
Vía 727;727
Calle El Higuerón;El Higuerón
Calle El Durazno;El Durazno
Avenida Antonio Arroyo;Antonio Arroyo
Calle Cuarta;Cuarta
Calle Principal;Principal
Calle Principal;Principal
Calle Segunda;Segunda
Calle General Próspero Fernández;General Próspero Fernández
Avenida Urraca;Urraca
Calle La Estación;La Estación
Calle La Estación;La Estación
Calle León Fernández;León Fernández
Avenida Juan Santamaría;Juan Santamaría
Calle León Fernández;León Fernández
Avenida Juan Santamaría;Juan Santamaría
Calle Los Higuerones;Los Higuerones
Avenida 13;13
Calle Los Higuerones;Los Higuerones
Avenida 15;15
Calle La Estación;La Estación
Avenida Parque;Parque
Avenida Río de Janeiro;Avenida  Janeiro
Avenida Río de Janeiro;Avenida  Janeiro
Calle Salvador;Salvador
Avenida Brasilia;Brasilia
Acceso 3;Acceso 3
Acceso 1;Acceso 1
Avenida 1;1
Avenida 1;1
Calle 4;4
Calle 1;1
Calle 1;1
Boulevard A;A
Boulevard A;A
Calle Terrazas;Terrazas
Calle Campo Real;Campo Real
Calle Monge;Monge
Calle Monge;Monge
Vía 124;124
Vía 111;111
Vía 124;124
Avenida 15;15
Paseo Centro Campero;Centro Campero
Vía 111;111
Vía 111;111
Vía 111;111
Calle 14;14
Calle 14;14
Calle Uno;Uno
Calle Uno;Uno
Calle Marginal Norte;Marginal Norte
Calle Marginal Norte;Marginal Norte
Radial San Antonio;Radial San Antonio
Radial San Antonio;Radial San Antonio
Radial San Antonio;Radial San Antonio
Radial San Antonio;Radial San Antonio
Avenida Dos;Dos
Calle Tres;Tres
Calle Uno;Uno
Calle Uno;Uno
Calle Uno;Uno
Avenida Uno;Uno
Avenida Dos;Dos
Boulevard de Andalucía;Andalucía
Calle Uno;Uno
Calle Uno;Uno
Calle Dos;Dos
Calle 15;15
Acceso 2;Acceso 2
Acceso 3;Acceso 3
Avenida Uno;Uno
Calle Dos;Dos
Calle Tres;Tres
Calle Uno;Uno
Boulevard;
Calle Segunda;Segunda
Calle Primera;Primera
Calle Segunda;Segunda
Avenida Cuarta;Cuarta
Avenida Primera;Primera
Avenida Uno;Uno
Avenida Dos;Dos
Calle Cuatro;Cuatro
Calle Uno;Uno
Calle Ocho;Ocho
Avenida Uno;Uno
Calle Tres;Tres
Acceso 10;Acceso 10
Acceso 4;Acceso 4
Acceso 3;Acceso 3
Acceso 5;Acceso 5
Acceso 8;Acceso 8
Acceso 9;Acceso 9
Acceso 13;Acceso 13
Acceso 12;Acceso 12
Acceso 1;Acceso 1
Acceso 2;Acceso 2
Acceso 1;Acceso 1
Acceso 6;Acceso 6
Acceso 11;Acceso 11
Acceso 7;Acceso 7
Calle 31;31
Acceso 2;Acceso 2
Acceso Principal;Acceso
Acceso Principal;Acceso
Acceso 6;Acceso 6
Avenida 17;17
Boulevard Parque Industrial;Boulevard  Industrial
Calle Aguilar Alpízar;Aguilar Alpízar
Calle 18;18
Calle 30;30
Avenida 32;32
Avenida 30A;30A
Calle 22;22
Avenida 36;36
Acera C;Acera C
Acera del Río;Acera del
Avenida 2;2
Avenida 6;6
Avenida 6;6
Calle Lagunilla;Lagunilla
Acera 3;Acera 3
Calle Las Américas;Las Américas
Calle Las Américas;Las Américas
Calle Las Américas;Las Américas
Calle Álvaro Araya;Álvaro Araya
Acera del Río;Acera del
Vía 130;130
Avenida General Tomás Guardia;General Tomás Guardia
Calle León Fernández;León Fernández
Avenida Juan Alfaro Ruíz;Juan Alfaro Ruíz
Avenida Juan Santamaría;Juan Santamaría
Autopista Bernardo Soto;pista Bernardo Soto
Autopista Bernardo Soto;pista Bernardo Soto
Calle Lagunilla;Lagunilla
Avenida Antonio Arroyo;Antonio Arroyo
Calle Lagunilla;Lagunilla
Calle 54;54
Calle Principal;Principal
Alameda 1;Alameda 1
Calle Principal;Principal
Calle Lagunilla;Lagunilla
Avenida Jesús Ocaña Rojas;Jesús Ocaña Rojas
Acceso 16;Acceso 16
Acceso 19;Acceso 19
Acceso 21;Acceso 21
Acceso Principal;Acceso
Acceso 20;Acceso 20
Acceso 6;Acceso 6
Acceso 7;Acceso 7
Acceso 8;Acceso 8
Acceso 9;Acceso 9
Acceso 13;Acceso 13
Acceso 14;Acceso 14
Acceso 15;Acceso 15
Acceso 12;Acceso 12
Acceso 10;Acceso 10
Acceso 11;Acceso 11
Calle Loría;Loría
Vía 122;122
Avenida Juan Manuel López del Corral;Juan Manuel López Corral

