Calle Ratoncillal;Ratoncillal
Calle Guatuza;Guatuza
Calle Liles;Liles
Calle Liles;Liles
Calle Cuesta Grande;Cuesta Grande
Calle Potrero Chiquito;Potrero Chiquito
Calle Potrero Chiquito;Potrero Chiquito
Calle El Tigre;El Tigre
Calle Liles;Liles
Calle Liles;Liles
Calle Cataratas;Cataratas
Calle Santa Bárbara;Santa Bárbara
Calle El Tajo;El Tajo
Taller Hermanos Peraza;Taller Hermanos Peraza
Calle La Legua;La Legua
Calle Chaparra;Chaparra
Vía 146;146
Calle La Predera;La Predera
Calle La Legua;La Legua
Calle Linda Vista;Linda Vista
Calle Liles;Liles
Calle El Avispero;El Avispero
Calle Liles;Liles
Vía 120;120
Vía 120;120
Vía 120;120
Calle La Legua;La Legua
Calle El Avispero;El Avispero
Vía 120;120
Vía 120;120
Vía 120;120
Vía 120;120
Vía 146;146
Vía 146;146
Vía 146;146
Vía 146;146
Calle Liles;Liles
Calle Cuesta Grande;Cuesta Grande
Calle El Tajo;El Tajo
Calle El Tajo;El Tajo
Calle la Aldea;la Aldea
Calle El Tigre;El Tigre
Calle El Tigre;El Tigre
Calle el Tajo;el Tajo
Calle Chaparra;Chaparra
Calle La Hilda;La Hilda
Calle Santiago Alvarado;Santiago Alvarado
Calle La Legua;La Legua
Calle Linda Vista;Linda Vista
Calle Linda Vista;Linda Vista
Calle El Avispero;El Avispero
Calle Potrero Chiquito;Potrero Chiquito
Vía 146;146
Calle El Tirol;El Tirol
Vía 118;118
Vía 118;118
Calle Tablones;Tablones
Calle Embalse;Embalse
Vía 107;107
Vía 107;107
Vía 723;723
Calle Chaves;Chaves
Calle Chaves;Chaves
Calle Embalse;Embalse
Calle Isaac Valverde Huertas;Isaac ValverHuertas
Calle Zumbado;Zumbado
Calle Barahona;Barahona
Calle Zamora;Zamora
Vía 723;723
Calle Churuca;Churuca
Calle La Cruz;La Cruz
Vía 723;723
Calle Guapinol;Guapinol
Calle Lolo Rojas;Lolo Rojas
Calle Bajo Carvallo;Bajo Carvallo
Calle El Sitio;El Sitio
Calle Ratoncillal;Ratoncillal
Calle Guatuza;Guatuza
Calle Potrero Chiquito;Potrero Chiquito
Calle Central;Central
Calle Reyes;Reyes
Calle Mónica;Mónica
Calle Reyes;Reyes
Calle La Senda;La Senda
Calle El Rincón;El Rincón
Calle Linda Vista;Linda Vista
Calle Arias Valverde;Arias Valverde
Calle San José;San José
Armaduras Cordero;Armaduras Cordero
Vía 107;107
Vía 107;107
Avenida 13;13
Calle San Gerardo;San Gerardo
Calle Cerro;Cerro
Vía 723;723
Calle Solís;Solís
Calle Chaves;Chaves
Calle Zamora;Zamora
Calle Guadalupe;Guadalupe
Vía 118;118
Vía 107;107
Vía 107;107
Vía 107;107
Calle Cuesta Grande;Cuesta Grande
Calle Rojas;Rojas
Calle Churuca;Churuca
Calle Churuca;Churuca
Calle Reyes;Reyes
Calle Rojas;Rojas
Calle Rojas;Rojas
Vía 723;723
Vía 723;723
Calle Embalse;Embalse
Calle Isaac Valverde Huertas;Isaac ValverHuertas
Calle Rufino;Rufino
Calle Chaperno;Chaperno
Calle Murillo;Murillo
Calle Guapinol;Guapinol
Calle Linda Vista;Linda Vista
Calle Volcán;Volcán
Calle Potrero Chiquito;Potrero Chiquito
Calle Morera;Morera
Calle Tablones;Tablones
Calle 2;2
Avenida 6;6
Calle 2;2
Vía 107;107
Avenida 3;3
Calle Central;Central
Avenida 4;4
Calle La Manzana;La Manzana
Calle 4;4
Avenida 2;2
Calle 3;3
Avenida 3;3
Calle Lolo Rojas;Lolo Rojas
Calle La Arena;La Arena
Calle Santa Bárbara;Santa Bárbara
Vía 130;130
Calle 1;1
Calle San José;San José
Avenida 8;8
Calle 3;3
Avenida 5;5
Avenida 4;4
Vía 107;107
Avenida 4;4
Calle 2;2
Calle 2;2
Vía 107;107
Calle Central;Central
Avenida Central;Central
Avenida Central;Central
Avenida 13;13
Calle Central;Central
Calle Central;Central
Avenida Central;Central
Vía 146;146
Avenida 1;1
Avenida 3;3
Calle La Hilda;La Hilda
Calle 1A;1A
Calle 2;2
Calle 2;2
Calle Cuesta Grande;Cuesta Grande
Calle La Hilda;La Hilda
Calle Santiago Alvarado;Santiago Alvarado
Avenida 7;7
Avenida 7;7
Avenida 6;6
Avenida 4;4
Avenida 2;2
Avenida 2;2
Avenida 8;8
Calle 1;1
Calle 2;2

