Vía 212;212
Vía 212;212
Vía 212;212
Vía 212;212
Calle La Presa;La Presa
Calle 37;37
Vía 217;217
Avenida 84;84
Vía 175;175
Vía 175;175
Vía 175;175
Vía 213;213
Calle 37;37
Calle 31;31
Avenida 80;80
Calle Jorco;Jorco
Calle Jorco;Jorco
Vía 206;206
Calle Fallas;Fallas
Calle Angulo;Angulo
Avenida 88;88
Calle 43;43
Calle 39;39
Calle 39;39
Calle 39;39
Calle del Contador;Contador
Avenida 80;80
Avenida 82;82
Calle 41A;41A
Avenida 82;82
Calle 45;45
Avenida 74;74
Avenida 72;72
Avenida 82;82
Calle 23;23
Avenida 78;78
Calle Tuconada;Tuconada
Avenida 88;88
Calle 33;33
Calle Del Cura;Del Cura
Vía 214;214
Avenida 76;76
Avenida 72;72
Avenida 72A;72A
Avenida 76;76
Avenida 76A;76A
Avenida 64;64
Calle 23;23
Avenida 78;78
Avenida 76;76
Calle 49;49
Vía 214;214
Vía 214;214
Vía 217;217
Calle Jorco;Jorco
Calle San José;San José
Calle San José;San José
Vía 304;304
Calle Robles;Robles
Calle Coris;Coris
Avenida 88;88
Calle Salitrillos;Salitrillos
Vía 214;214
Calle 53;53
Avenida 84A;84A
Avenida 86A;86A
Calle 49;49
Avenida 92;92
Calle El Molino;El Molino
Vía 217;217
Vía 209;209
Vía 209;209
Calle Encinales;Encinales
Vía 206;206
Avenida 78;78
Calle 59;59
Calle Jamaica;Jamaica
Calle Jamaica;Jamaica
Calle Jamaica;Jamaica
Calle 51;51
Avenida 82A;82A
Calle La Guaria;La Guaria
Calle El Sol;El Sol
Calle Rinconada;Rinconada
Calle 55A;55A
Calle 59;59
Avenida 80A;80A
Calle 51B;51B
Calle 57;57
Calle 23;23
Calle Cordero;Cordero
Calle Salitral;Salitral
Avenida 76;76
Avenida 78;78
Calle Trejos;Trejos
Calle 47A;47A
Avenida 78;78
Calle 53;53
Calle 55;55
Calle Díaz;Díaz
Avenida 88;88
Avenida 86;86
Calle 29;29
Avenida 86;86
Calle 57;57
Calle Churruca;Churruca
Calle 53;53
Avenida 74A;74A
Calle Viviana;Viviana
Calle 45A;45A
Calle 39;39
Ruta Nacional 209;Ruta Nacional 209
Vía 209;209
Vía 209;209
Calle 31;31
Calle 25;25
Avenida 84;84
Avenida 80A;80A
Avenida 80;80
Calle 35;35
Calle Unión;Unión
Calle La Concretera;La Concretera
Calle 37;37
Calle 21;21
Calle Cienagas;Cienagas
Calle Madrigal;Madrigal
Calle Meseguer;Meseguer
Avenida 78;78
Calle Tirra;Tirra
Calle Abelino;Abelino
Calle Altamira;Altamira
Calle Naranjos;Naranjos
Calle Naranjos;Naranjos
Calle Dina;Dina
Calle Nazareno;Nazareno
Calle Cordero;Cordero
Vía 217;217
Calle La Rosita;La Rosita
Calle Fallas;Fallas
Calle 41;41
Vía 207;207
Vía 207;207
Calle 41;41
Calle el Laurel;el Laurel
Calle 57;57
Avenida 84;84
Calle 41;41
Avenida 84;84
Avenida 80;80
Calle Abarca;Abarca
Vía 209;209
Vía 209;209
Calle 21;21
Calle 21;21
Calle Fallas;Fallas
Calle Cienagas;Cienagas
Calle Fallas;Fallas
Calle Amador;Amador
Calle Común;Común
Calle Muñoz;Muñoz
Calle Mesas;Mesas
Calle Pica Piedra;Pica Piedra
Calle Pica Piedra;Pica Piedra
Calle Agripino Aguilar;Agripino Aguilar
Vía 105;105
Vía 217;217
Vía 217;217
Vía 217;217
Calle La Plaza;La Plaza
Calle San José;San José
Vía 209;209
Calle San José;San José
Calle Común;Común
Calle Porras;Porras
Calle La Plaza;La Plaza
Vía 206;206
Calle El Carmen;El Carmen
Calle Cipreses;Cipreses
Calle Estrella del Sur;Estrella Sur
Calle Morales;Morales
Calle El Roblar;El Roblar
Calle Dos Mil;Dos Mil
Avenida 84;84
Calle 45;45
Calle 55;55
Calle Tuconada;Tuconada
Calle 31;31
Calle Sabanillas;Sabanillas
Calle Valverde;Valverde
Calle Pedrito Monge;Pedrito Monge
Calle Lomas;Lomas
Calle Lomas;Lomas
Calle Lomas;Lomas
Calle Lomas;Lomas
Calle Berlay;Berlay
Calle Los Frutales;Los Frutales
Calle Monge;Monge
Calle Vuelta la Manzana;Vuelta la Manzana
Calle La Unión;La Unión
Calle Los Sauses;Los Sauses
Calle La Esmeralda;La Esmeralda
Calle Crisóstomo Porras;Crisóstomo Porras
Calle BC;BC
Calle Areneros;Areneros
Calle Ligia Méndez;Ligia Méndez
Calle San Pancracio;San Pancracio
Calle Morales;Morales
Calle Jorco;Jorco
Calle Jorco;Jorco
Avenida 78;78
Calle 19A;19A
Calle Albenda;Albenda
Calle 19B;19B
Calle 19;19
Calle La Unión;La Unión
Calle La Unión;La Unión
Calle 19;19
Avenida 70;70
Calle Jorco;Jorco
Calle San Martín;San Martín
Calle Chacón;Chacón
Calle Blanca Durán;Blanca Durán
Calle Santa Eduviges;Santa Eduviges
Calle San Cayetano;San Cayetano
Calle Brujo;Brujo
Calle La Granja;La Granja
Calle Pedrito Monge;Pedrito Monge
Calle Patalillo;Patalillo
Calle Trinidad;Trinidad
Calle Tolima;Tolima
Ruta Nacional 209;Ruta Nacional 209
Calle Antigua;Antigua
Calle Antigua;Antigua
Calle Antigua;Antigua
Calle Fallas;Fallas
Calle 33;33
Calle 49;49
Calle 53;53
Calle 51;51
Calle 51A;51A
Calle San Bosco;San Bosco
Calle Jiménez;Jiménez
Calle Fallas;Fallas
Avenida 92;92
Calle Jorco;Jorco
Calle Dos Mil Uno;Dos Mil Uno
Calle Rodillal;Rodillal
Calle Valverde;Valverde
Calle Valverde;Valverde
Calle Naranjo;Naranjo
Calle Valverde;Valverde
Calle Valverde;Valverde
Santa Barbara;Santa Barbara
Calle Astúa;Astúa
Calle Santa Marta;Santa Marta
Calle La Amistad;La Amistad
Calle Marcial Segura;Marcial Segura
Calle Pómez;Pómez
Motel El Retiro;El Retiro
Res. Miracruz;Miracruz
Calle 19 de Mayo;19 Mayo
Calle Lomas;Lomas
Calle Lomas;Lomas
Calle Abelino;Abelino
Calle 41;41
Calle 55A;55A
Calle 53A;53A
La Constancia;La Constancia
Calle 51B;51B
Avenida 72;72
Calle Batalla;Batalla
Calle Lajas;Lajas
Calle Encinales;Encinales
Calle Lomas;Lomas
Calle Naranjos;Naranjos
Calle Lomas;Lomas
Calle Gamboa;Gamboa
Calle Carbonera;Carbonera
Motel El Retiro;El Retiro
Motel El Retiro;El Retiro
Calle Fallas;Fallas
Calle Fallas;Fallas
Calle 55;55
Calle 55;55
Calle Rafaela Madrigal;Rafaela Madrigal
Calle Limón;Limón
Calle Limón;Limón
Calle Calderón;Calderón
Calle Cañas;Cañas
Vía 210;210
Ruta Nacional 209;Ruta Nacional 209
Calle 21;21
Avenida 80;80
Avenida 86;86
Calle 21;21
Calle 31;31
Calle 31;31
Avenida 86;86
Avenida 86;86
Avenida 88;88
Calle 41;41
Calle 41;41
Avenida 72;72
Avenida 74;74
Avenida 74;74
Vía 213;213
Vía 214;214
Vía 214;214
Calle 51A;51A
Calle 55;55
Avenida 70;70
Vía 217;217
Vía 217;217
Calle Las Américas;Las Américas
Avenida 76;76
Avenida 82;82
Calle La Palma;La Palma
Calle 49A;49A
Calle Quiros;Quiros
Avenida 78A;78A
Boulevard San Anotonio;San Anotonio
Avenida 74;74
Calle Tuconada;Tuconada
Vía 175;175
Calle Sequeira;Sequeira
Calle Sequeira;Sequeira
Calle Sequeira;Sequeira
Calle Valverde;Valverde
Calle Valverde;Valverde
Calle San Gerardo;San Gerardo
Calle Fallas;Fallas
Calle Fallas;Fallas
Boulevard San Anotonio;San Anotonio
Boulevard San Anotonio;San Anotonio
Calle Ingrid;Ingrid
Calle El Gringo;El Gringo
Avenida 78;78
Avenida 70;70
Calle 55;55
Vía 408;408
Vía 212;212
Vía 212;212
Vía 212;212
Vía 212;212
Vía 212;212
Vía 212;212
Avenida 74;74
Calle 35;35
Avenida 70;70
Calle 39;39
Avenida 88;88
Avenida 82;82
Avenida 86;86
Avenida 82;82
Calle 29;29
Avenida 74;74
Calle 43;43
Calle 47;47
Avenida 86A;86A
Calle 35;35
Vía 209;209
Calle 25;25
Calle 27;27
Avenida 86A;86A
Vía 206;206
Avenida 82;82
Ruta Nacional 209;Ruta Nacional 209
Avenida 74;74
Avenida 80;80
Calle 21;21
Calle 21;21
Vía 207;207
Avenida 82;82
Calle Francisco Núñez;Francisco Núñez
Vía 214;214
Vía 214;214
Vía 214;214
Calle 17 de Abril;17 Abril
Calle 35;35
Calle 35;35
Vía 209;209
Calle 55;55
Calle 53A;53A
Vía 206;206
Vía 209;209
Vía 209;209
Calle Fallas;Fallas
Calle Robles;Robles
Vía 217;217
Calle 41A;41A
Calle 41;41
Avenida 74;74
Avenida 82;82
Calle Abarca;Abarca
Automac;
Automac;
Auto rápido;rápido
Vía 213;213
Calle Tirra;Tirra
Calle Chaverri;Chaverri
Calle 49A;49A
Calle 45A;45A
Avenida 74A;74A
Avenida 72A;72A
Calle 57;57
Avenida 80A;80A
Calle 57;57
Calle 57;57
Calle 57;57
Calle 57;57
Avenida 74;74
Calle 45A;45A
Avenida 76;76
Avenida 80A;80A
Avenida 72;72
Calle Tablazo Viejo;Tablazo Viejo
Auto rápido;rápido
Auto rápido;rápido
Calle 47;47
Avenida 84;84
Calle 51;51
Calle Cienagas;Cienagas
Camino sin nombre;sin nombre
Avenida 86;86
Calle 55;55
Calle 49;49
Calle Del Cura;Del Cura
Calle 39;39
Calle Quebrada Honda;Quebrada Honda
Calle Encinales;Encinales
Calle Encinales;Encinales
Calle San Martín;San Martín
Calle Morales;Morales
Calle Altavista-Tarbaca;Altavista-Tarbaca
Calle Sabanillas;Sabanillas
Calle Bambú;Bambú
Calle Llano Bonito;Llano Bonito
Calle  a La Joya;a La Joya
Calle de la Joya-Tarbaca;Joya-Tarbaca
Calle Pinares;Pinares
Calle Quebrada Honda;Quebrada Honda
Calle  a La Joya;a La Joya
Calle  Quebrada Honda;Quebrada Honda
Calle Quebrada Honda;Quebrada Honda
Calle a La Pacaya;a La Pacaya
Calle Chirogres-Tigre;Chirogres-Tigre
Calle  Joya a Chirogres;Joya a Chirogres
Calle al Alto del EStillero;al Alto EStillero
Calle Altavista-Jerico;Altavista-Jerico
Calle El Hoyo;El Hoyo
Calle 37;37
Calle Llano Bonito;Llano Bonito
Calle Llano Bonito;Llano Bonito
Vía 304;304
Vía 304;304
Calle Valverde;Valverde
Calle Valverde;Valverde
Calle San Martín;San Martín
Calle del Contador;Contador
Calle Jorco;Jorco
Calle Jorco;Jorco
Vía 217;217
Calle Común;Común
Calle Mercedes Valverde;Mercedes Valverde
Calle Morados;Morados
Calle Boquerón;Boquerón
Calle Lajas;Lajas
Calle Aguacate;Aguacate
Calle Aguacate;Aguacate
Calle Valverde;Valverde
Calle Naranjos;Naranjos
Calle Máquinas;Máquinas
Calle Pedrito Monge;Pedrito Monge
Calle El Molino;El Molino
Calle Robles;Robles
Calle Ramírez;Ramírez
Calle Luna;Luna
Vía 214;214
Calle Las Américas;Las Américas
Calle Gamboa;Gamboa
Calle Santa Lucía;Santa Lucía
Calle Coris;Coris
Calle Los Agüero;Los Agüero
Calle Casa Blanca;Casa Blanca
Calle Rinconada;Rinconada
Calle Rodillal;Rodillal
Ruta Nacional 214;Ruta Nacional 214
Calle Angulo;Angulo
Avenida 74;74
Calle del Contador;Contador
Calle Vuelta la Manzana;Vuelta la Manzana
Calle Vuelta la Manzana;Vuelta la Manzana
Calle  Quebrada Honda-Altavista;Quebrada Honda-Altavista
¨Calle El Hoyo;¨ El Hoyo
Calle Cabuya;Cabuya
Calle El Alto;El Alto
Vía 304;304
Vía 304;304
Vía 304;304
Vía 304;304
Vía 304;304
Vía 304;304
Calle El Roblar;El Roblar
Calle El Roblar;El Roblar
Calle  Quebrada Honda;Quebrada Honda
Calle  Quebrada Honda;Quebrada Honda
Calle 37;37
Calle 55A;55A
Calle 55A;55A
Calle Tirra;Tirra
Calle el Laurel;el Laurel
Calle Mesas;Mesas
Calle Pica Piedra;Pica Piedra
Vía 408;408
Calle Aguacate;Aguacate
Calle Naranjos;Naranjos
Calle Coris;Coris
Calle Coris;Coris
Vía 222;222
Vía 222;222
Vía 222;222
Vía 222;222
Calle Violeta;Violeta
Calle Méndez;Méndez
Calle Hidalgo;Hidalgo
Calle Abarca;Abarca
Calle Quiros;Quiros
Calle Hidalgo;Hidalgo
Calle Los Marines;Los Marines
Calle Quebrada Honda;Quebrada Honda
Vía 222;222
Vía 222;222
Vía 222;222
Calle a Chirogres;a Chirogres
Calle Chirogres-Tigre;Chirogres-Tigre
Calle  Joya a Chirogres;Joya a Chirogres
Vía 304;304
Bustamante;Bustamante
Bajos;Bajos
Bajos;Bajos
Vía 226;226
Calle Violeta;Violeta
Calle Violeta;Violeta
Vía 226;226
Vía 406;406
Vía 222;222
Calle Violeta;Violeta
Vía 226;226
Vía 226;226
Vía 406;406

