Vía 247;247
Vía 817;817
Salida 38;Salida 38
Salida 39;Salida 39
Salida 40;Salida 40
Salida 41;Salida 41
Salida 42;Salida 42
Salida 43;Salida 43
Salida 44;Salida 44
Salida 45;Salida 45
Salida 46;Salida 46
Salida 47;Salida 47
Salida 48;Salida 48
Salida 49;Salida 49
Salida 50;Salida 50
Salida 52;Salida 52
Salida 53;Salida 53
Salida 54;Salida 54
Salida 55;Salida 55
Salida 56;Salida 56
Salida 57;Salida 57
Salida 58;Salida 58
Salida 59;Salida 59
Salida sin número;Salida sin número
Salida 37;Salida 37
Salida 51;Salida 51
Natural Trail;Natural Trail
Natural Trail;Natural Trail
Natural Trail;Natural Trail
Rain-forest Hiking Trail;Rain-forest Hiking Trail
Camino a La Pavona;a La Pavona
Salida 28;Salida 28
Salida 29;Salida 29
Salida 30;Salida 30
Carretera Braulio Carrillo;Carretera Braulio Carrillo
Calle 15;15
Vía 814;814
Vía 248;248
Calle 19;19
Calle 1;1
Calle 5;5
Avenida 4;4
Calle 7;7
Avenida 19;19
Calle 9;9
Calle 1;1
Avenida 7A;7A
Calle Central;Central
Avenida 5;5
Carretera Braulio Carrillo;Carretera Braulio Carrillo
Carretera Braulio Carrillo;Carretera Braulio Carrillo
Carretera Braulio Carrillo;Carretera Braulio Carrillo
Carretera Braulio Carrillo;Carretera Braulio Carrillo
Avenida 3;3
Calle 3;3
Avenida 2;2
Calle 12;12
Calle 12;12
Avenida Central;Central
Calle 40;40
Avenida 17;17
Avenida 15;15
Calle 10;10
Calle Tablón;Tablón
Calle San Antonio;San Antonio
Avenida 17;17
Calle 20;20
Calle Las FLores;Las FLores
Calle Carmona;Carmona
Vía 809;809
Vía 249;249
Calle 2;2
Avenida 31;31
Calle 8;8
Avenida 21;21
Calle Piedra;Piedra
Calle La Conga;La Conga
Calle 15A;15A
Calle 3;3
Avenida 33;33
Calle La Trocha;La Trocha
Calle la Emilia;la Emilia
Calle Las Palmeras;Las Palmeras
Calle 11;11
Calle 5A;5A
Avenida Central;Central
Calle 11;11
Calle 1;1
Calle 40;40
Avenida 11;11
Calle 38A;38A
Avenida 12;12
Avenida 22;22
Calle Danta;Danta
Avenida 14;14
Avenida 18;18
Avenida 16;16
Avenida 20;20
Avenida 24;24
Avenida 10;10
Calle 38;38
Calle 36;36
Avenida 11;11
Avenida Central;Central
Calle 40A;40A
Avenida 5;5
Calle 26;26
Avenida 8A;8A
Avenida 10A;10A
Avenida 12;12
Calle 28;28
Avenida 8;8
Avenida 10;10
Avenida 33;33
Avenida 3;3
Calle 24;24
Avenida 29;29
Avenida 27A;27A
Avenida 33A;33A
Avenida 29A;29A
Calle 22;22
Avenida 27;27
Avenida 35;35
Calle 24;24
Calle 6;6
Avenida 12;12
Calle 10;10
Avenida 8;8
Avenida 16;16
Avenida 21;21
Calle 14;14
Avenida 10;10
Avenida 4;4
Calle 16;16
Avenida 12;12
Calle 16A;16A
Avenida 19B;19B
Avenida 18A;18A
Calle 9;9
Calle 14;14
Avenida 3A;3A
Avenida 14A;14A
Avenida 19A;19A
Calle 16A;16A
Avenida 19A;19A
Avenida 17B;17B
Avenida 21A;21A
Calle 14;14
Avenida 6;6
Avenida 6;6
Avenida 19;19
Avenida 6;6
Avenida 2;2
Calle 14A;14A
Calle 12A;12A
Calle 6;6
Avenida 13;13
Calle 13A;13A
Avenida 15;15
Avenida 8;8
Avenida 16A;16A
Avenida 17;17
Calle 8;8
Calle 12A;12A
Avenida 11;11
Avenida 19;19
Calle 3;3
Avenida 10;10
Avenida 9;9
Avenida 1;1
Avenida 4;4
Calle 9;9
Calle 16A;16A
Avenida 17A;17A
Avenida 14;14
Avenida 7;7
Avenida 15;15
Calle Flores;Flores
Calle 13;13
Avenida 3;3
Calle 4;4
Calle 8A;8A
Calle 8;8
Calle 4;4
Avenida 20;20
Avenida 4;4
Avenida 8A;8A
Avenida 6;6
Calle 5;5
Avenida 19;19
Avenida 23A;23A
Avenida 23;23
Calle 11A;11A
Avenida 23A;23A
Calle 13;13
Avenida 23;23
Avenida 15;15
Calle 7;7
Avenida 21A;21A
Avenida 27;27
Calle 3A;3A
Calle 5A;5A
Avenida 27;27
Avenida 23A;23A
Avenida 23;23
Avenida 25A;25A
Avenida 23;23
Calle Seis;Seis
Vía 810;810
Calle El Bosque;El Bosque
Vía 247;247
Vía 817;817
Corredor Noratlántico;Corredor Noratlántico
Carretera Braulio Carrillo;Carretera Braulio Carrillo
Carretera Braulio Carrillo;Carretera Braulio Carrillo
Carretera Braulio Carrillo;Carretera Braulio Carrillo
Avenida 10;10
Avenida 25;25
Avenida 21;21
Piñas Tropicales;Piñas Tropicales
Callecilla;cilla
Calle del León;León
Calle 7;7
Avenida 5A;5A
Avenida 13;13
Calle 21;21
Calle Vieja;Vieja
Avenida 1;1
Avenida 8;8
Calle 3;3
Avenida 6;6
Avenida 12;12
Avenida 8;8
Avenida 17;17
Calle 11;11
Avenida 26;26
Calle 4A;4A
Calle 10;10
Avenida 2;2
Calle 14A;14A
Avenida 3;3
Avenida 5;5
Calle 5;5
Calle 13B;13B
Avenida 7;7
Avenida 7;7
Calle 17;17
Avenida 3;3
Calle 5A;5A
Avenida 18;18
Calle 7;7
Avenida 16;16
Avenida 18A;18A
Calle 18;18
Calle 3;3
Avenida 19B;19B
Calle 9;9
Avenida 25A;25A
Calle 11;11
Calle 1;1
Avenida 19;19
Calle 12;12
Avenida 17;17
Avenida 15;15
Calle 14A;14A
Calle 18;18
Vía 247;247
Calle 20;20
Calle Estandar;Estandar
Vía 814;814
Avenida Central;Central
Avenida Central;Central
Avenida 29;29
Vía 249;249
Avenida 15A;15A
Calle 34;34
Calle 28A;28A
Avenida 4;4
Calle 16;16
Calle 24;24
Calle Los Lagos;Los Lagos
Calle San Juan;San Juan
Calle 22;22
Avenida 3;3
Avenida 1;1
Avenida 28;28
Calle 9;9
Calle 13;13
Avenida 30;30
Avenida 32;32
Avenida 34;34
Calle la Emilia;la Emilia
Avenida 2;2
Calle 8A;8A
Calle Central;Central
Calle Diez;Diez
Calle Uno;Uno
Calle Guzmán;Guzmán
Carretera Braulio Carrillo;Carretera Braulio Carrillo
Carretera Braulio Carrillo;Carretera Braulio Carrillo
Calle el Gobierno;el Gobierno
Avenida Central;Central
Avenida Central;Central
Calle 9;9
Calle Tablón;Tablón
Calle El Mango;El Mango
Carretera Braulio Carrillo;Carretera Braulio Carrillo
Carretera Braulio Carrillo;Carretera Braulio Carrillo
Calle 12;12
Calle 12;12
Avenida 7;7
Avenida 7;7
Calle 1;1
Carretera Braulio Carrillo;Carretera Braulio Carrillo
Carretera Braulio Carrillo;Carretera Braulio Carrillo
Calle 1;1
Calle 1;1
Calle Uno;Uno
Carretera Braulio Carrillo;Carretera Braulio Carrillo
Carretera Braulio Carrillo;Carretera Braulio Carrillo
Vía 247;247
Vía 247;247
Calle Fruta de Pan;Fruta Pan
Las Vegas a La Curia;Las Vegas a La Curia
Avenida Central;Central
Vía 247;247
Vía 247;247
Calle La Conga;La Conga
Avenida 8;8
Calle 9;9
Calle 7A;7A
Calle El Bosque;El Bosque
Calle Abarca;Abarca
Calle Tractor;Tractor
Calle 34;34
Calle 32A;32A
Calle 34;34
Avenida 1A;1A
Avenida 3A;3A
Avenida 5;5
Avenida 5;5
Avenida 3A;3A
Avenida 21;21
Avenida 33;33
Avenida 13A;13A
Avenida 19;19
Calle 10;10
Calle 6;6
Avenida 8;8
Avenida 6;6
Calle 1;1
Avenida 8A;8A
Calle 7;7
Avenida 18A;18A
Avenida 14;14
Avenida 12A;12A
Calle 7;7
Avenida 10A;10A
Avenida 10;10
Calle 0A;0A
Calle Central;Central
Calle 23;23
Calle 13;13
Avenida 36;36
Avenida 20;20
Avenida 18;18
Avenida 16;16
Calle 11;11
Avenida 16;16
Avenida 8A;8A
Avenida 4;4
Avenida Central;Central
Calle 16;16
Calle 16;16
Avenida Central;Central
Calle 36;36
Calle 4;4
Calle 6A;6A
Avenida 17A;17A
Vía 249;249
Calle La Javillana;La Javillana
Calle Vuelta del Chompipe;Vuelta Chompipe
Calle 11;11
Avenida 29;29
Calle 9A;9A
Avenida 23;23
Calle 7C;7C
Calle 7A;7A
Calle 7B;7B
Avenida 21;21
Calle 3A;3A
Avenida 23;23
Calle 5A;5A
Calle 7;7
Calle 7;7
Avenida 15;15
Calle 2;2
Avenida 13A;13A
Calle 2;2
Avenida 17B;17B
Avenida 21;21
Calle 8;8
Calle 6A;6A
Avenida 19;19
Avenida 17A;17A
Avenida 17;17
Avenida 23;23
Avenida 25;25
Avenida 23A;23A
Avenida 25;25
Calle 7;7
Avenida 29;29
Avenida 27A;27A
Calle 5;5
Avenida 31;31
Avenida 29A;29A
Avenida 31A;31A
Avenida 33;33
Avenida 33A;33A
Calle 5A;5A
Calle 5;5
Avenida 33A;33A
Calle 10;10
Avenida 4;4
Avenida 8;8
Avenida 8;8
Avenida 18;18
Avenida 20;20
Avenida 18;18
Avenida 16A;16A
Avenida 16;16
Avenida 14;14
Avenida 14A;14A
Calle 13A;13A
Avenida 5;5
Calle 23;23
Calle 25;25
Calle 13;13
Calle 13;13
Calle 7A;7A
Calle 5A;5A
Calle 13A;13A
Calle 3;3
Calle 7A;7A
Avenida 23A;23A
Avenida 27;27
Avenida 27;27
Avenida 17A;17A
Avenida 29A;29A
Avenida 19;19
Calle 14;14
Calle 32;32
Avenida 18A;18A
Calle 25;25
Calle Guzmán;Guzmán
Calle Cincuenta y Siete;Cincuenta y Siete
Calle Los Almendros;Los Almendros
Calle El Malinche;El Malinche
Calle El Surá;El Surá
Calle El Manzano;El Manzano
Calle El Mangostán;El Mangostán
Calle Roble Sabana;Roble Sabana
Calle Roble Sabana;Roble Sabana
Calle San Juan;San Juan
Calle Canela;Canela
Calle Corteza Amarilla;Corteza Amarilla
Calle Corteza Amarilla;Corteza Amarilla
Calle Llan Llan;Llan Llan
Calle el Manú;el Manú
Calle Higuerón;Higuerón
Calle Gavilán;Gavilán
Calle Níspero;Níspero
Vía 810;810
Calle El Porvenir;El Porvenir
Calle El Porvenir;El Porvenir
Vía 249;249
Calle el Gobierno;el Gobierno
Vía 249;249
Calle La Conga;La Conga
Calle Rojas;Rojas
Avenida Central;Central
Calle 40;40
Calle Central;Central
Calle 3;3
Corredor Noratlántico;Corredor Noratlántico
Monte de Dios;Monte de Dios
Vía 814;814
Calle 15;15
Calle La Trocha;La Trocha
Calle La Trocha;La Trocha
Carretera Braulio Carrillo;Carretera Braulio Carrillo
Calle El Porvenir;El Porvenir
Calle El Malinche;El Malinche
Calle Los Almendros;Los Almendros
Calle Agropalmito;Agropalmito
Carretera Braulio Carrillo;Carretera Braulio Carrillo
Calle Piedra;Piedra
Calle Agropalmito;Agropalmito
Vía 249;249
Calle La Trocha;La Trocha
Calle La Trocha;La Trocha
Calle El Bosque;El Bosque
Calle El Bosque;El Bosque
Vía 247;247
Calle San Antonio;San Antonio
Calle San Antonio;San Antonio
Avenida Central;Central
Avenida Central;Central
Calle Vieja;Vieja
Calle Vieja;Vieja
Avenida Central;Central
Avenida 2;2
Vía 247;247
Vía 247;247

