Carretera Braulio Carrillo;Carretera Braulio Carrillo
Carretera Braulio Carrillo;Carretera Braulio Carrillo
Carretera Braulio Carrillo;Carretera Braulio Carrillo
Calle 95;95
Avenida 93;93
Avenida 95;95
Avenida 97;97
Avenida 89;89
Avenida 87;87
Avenida 87;87
Avenida 89;89
Avenida 83;83
Calle 149;149
Calle 153;153
Avenida 99;99
Calle 157;157
Calle 159;159
Calle 161A;161A
Calle 161;161
Avenida 85A;85A
Calle Jesús;Jesús
Calle El Carmen;El Carmen
Calle 153;153
Vía 220;220
Calle 117B;117B
Calle 149;149
Avenida 91;91
Calle 153;153
Carretera Braulio Carrillo;Carretera Braulio Carrillo
Calle Mora;Mora
Calle 129;129
Calle La Torre;La Torre
Vía 309;309
Avenida 91;91
Avenida 91;91
Calle Sotero;Sotero
Calle 161;161
Calle 147A;147A
Túnel Zurquí;Túnel Zurquí
Calle 163;163
Calle 165;165
Calle 169;169
Diagonal 81;Diagonal 81
Avenida 83A;83A
Avenida 83;83
Transversal 165A;Transversal 165A
Transversal 167;Transversal 167
Calle 167;167
Avenida 91;91
Carretera Braulio Carrillo;Carretera Braulio Carrillo
Calle 165;165
Avenida 77;77
Calle Quirós;Quirós
Vía 307;307
Calle Coca Cola;Coca Cola
Calle Los Cedros;Los Cedros
Calle Durazno;Durazno
Calle Rodeo;Rodeo
Calle 149;149
Calle Don Carmen;Don Carmen
Calle Jaules;Jaules
Calle Guaba;Guaba
Calle 137;137
Calle El Carmen;El Carmen
Vía 307;307
Calle Patio de Agua;Patio Agua
Calle Yerbabuena;Yerbabuena
Calle Máquina;Máquina
Calle Ortíz;Ortíz
Calle Patio de Agua;Patio Agua
Calle Patio de Agua;Patio Agua
Calle Don Carmen;Don Carmen
Vía 307;307
Calle Máquina;Máquina
Vía 216;216
Vía 216;216
Calle Jesús;Jesús
Calle San Francisco;San Francisco
Avenida 85A;85A
Calle 147;147
Avenida 105;105
Calle149;149
Calle 147;147
Calle 147;147
Calle 147;147
Calle 95A;95A
Vía 102;102
Calle Fanguillo;Fanguillo
Calle Holanda;Holanda
Calle La Julieta;La Julieta
Calle Canoa;Canoa
Calle Iglesias;Iglesias
Calle Mezclera;Mezclera
Calle Patio de Agua;Patio Agua
Calle 121;121
Avenida 107B;107B
Calle 117;117
Calle 125;125
Avenida 101;101
Calle Progreso;Progreso
Calle 147;147
Calle 119A;119A
Avenida 91;91
Vía 216;216
Vía 216;216
Calle 149;149
Calle 155;155
Vía 216;216
Calle 121;121
Avenida 93;93
Calle 153;153
Calle La Palma;La Palma
Calle 107;107
Calle 103A;103A
Calle 103;103
Avenida 79;79
Avenida 113A;113A
Avenida 117;117
Calle 123A;123A
Calle Guaba;Guaba
Calle Canoa;Canoa
Calle 165A;165A
Avenida 95;95
Calle Colmena;Colmena
Calle Casilda;Casilda
Calle 165;165
Avenida 97A;97A
Calle 113;113
Calle 111;111
Calle 117A;117A
Calle 131A;131A
Vía 307;307
Calle 147;147
Avenida 87A;87A
Calle 131;131
Avenida 99;99
Avenida 89;89
Calle 139;139
Calle 137;137
Avenida 97;97
Calle 123;123
Calle 113;113
Calle 137A;137A
Calle La Florida;La Florida
Calle Piapia;Piapia
Calle 113A;113A
Calle 141;141
Avenida 93A;93A
Calle 121;121
Calle 121A;121A
Calle 145;145
Calle 115;115
Calle 135;135
Calle 115;115
Calle 115;115
Avenida 89;89
Calle El Rodeo;El Rodeo
Avenida 91;91
Calle San Francisco;San Francisco
Avenida 85;85
Avenida 85;85
Avenida 79;79
Calle 159;159
Calle Alvarado;Alvarado
Calle 127;127
Calle 141;141
Avenida 103A;103A
Avenida 101A;101A
Avenida 101;101
Calle 131;131
Avenida 93;93
Calle 143;143
Calle 139A;139A
Calle 123;123
Calle Amelia Granados;Amelia Granados
Calle 139A;139A
Calle 139;139
Calle 127;127
Avenida 111;111
Avenida 115;115
Calle 127A;127A
Calle 125A;125A
Calle 123;123
Calle 123;123
Calle 105;105
Calle 105A;105A
Calle 109;109
Avenida 77A;77A
Calle 109;109
Calle 103;103
Avenida 79;79
Calle 105;105
Avenida 81A;81A
Calle Montserrat;Montserrat
Calle Herrero;Herrero
Calle 127;127
Avenida 105;105
Calle 125;125
Avenida 117;117
Calle 121;121
Calle 123;123
Avenida 119;119
Avenida 101;101
Avenida 95A;95A
Avenida 83;83
Calle 129A;129A
Calle 121A;121A
Calle 135;135
Avenida 79A;79A
Avenida 83A;83A
Avenida 93;93
Avenida 91A;91A
Calle 111A;111A
Calle 129B;129B
Avenida 83;83
Avenida 91B;91B
Avenida 89A;89A
Avenida 77A;77A
Calle 111;111
Avenida 89;89
Avenida 93;93
Avenida 83;83
Calle 113;113
Avenida 83;83
Avenida 79;79
Avenida 89;89
Avenida 91;91
Avenida 79A;79A
Calle 109A;109A
Calle 115A;115A
Avenida 105;105
Avenida 89;89
Avenida 87;87
Avenida 77;77
Avenida 105A;105A
Calle 133;133
Avenida 97;97
Avenida 81A;81A
Calle 123A;123A
Calle 129C;129C
Avenida 97A;97A
Calle 99;99
Calle 129A;129A
Calle 127;127
Avenida 97B;97B
Calle 133;133
Avenida 95;95
Avenida 79;79
Avenida 101;101
Avenida 77;77
Calle 129A;129A
Avenida 93A;93A
Avenida 85A;85A
Avenida 87A;87A
Calle 127A;127A
Calle 129;129
Avenida 113;113
Calle 121A;121A
Calle 127A;127A
Avenida 107A;107A
Avenida 115;115
Calle 129A;129A
Avenida 115;115
Calle 129;129
Calle 121B;121B
Calle 123;123
Calle 127;127
Calle Dulce Nombre;Dulce Nombre
Avenida 107A;107A
Calle 125;125
Calle 125;125
Calle 125;125
Calle 119A;119A
Avenida 113;113
Villa Nova;Nova
Calle 101;101
Calle 151;151
Avenida 103;103
Avenida 99A;99A
Avenida 97;97
Calle La Union;La Union
Avenida 101;101
Avenida 79;79
Calle 165A;165A
Calle 95;95
Calle 155;155
Avenida 97;97
Avenida 85A;85A
Avenida 83A;83A
Avenida 85;85
Calle 117A;117A
Calle 163;163
Calle 157A;157A
Calle El Carmen;El Carmen
Calle El Carmen;El Carmen
Calle 137A;137A
Avenida 113A;113A
Avenida 113B;113B
Calle 141A;141A
Calle 143;143
Calle 147;147
Avenida 79A;79A
Calle 49;49
Avenida 81;81
Calle 145;145
Calle 143;143
Calle 141A;141A
Calle 141;141
Calle 141;141
Avenida 85;85
Calle 163;163
Avenida 85;85
Calle 161;161
Calle 161;161
Calle 155;155
Vía 102;102
Calle 149;149
Calle 153;153
Calle 157;157
Avenida 79;79
Avenida 87;87
Calle 173;173
Avenida 99A;99A
Calle 145B;145B
Calle Sotero;Sotero
Calle 125;125
Calle 123A;123A
Calle 127;127
Avenida 99C;99C
Avenida 99A;99A
Calle 111A;111A
Avenida 95;95
Calle 149;149
Calle 149;149
Avenida 93A;93A
Avenida 85;85
Avenida 87;87
Calle 139A;139A
Calle 149A;149A
Avenida 93A;93A
Calle Colmena;Colmena
Calle La Palma;La Palma
Calle La Palma;La Palma
Avenida 97;97
Calle 135A;135A
Calle 135B;135B
Calle 137;137
Calle 141;141
Avenida 95;95
Calle 135A;135A
Avenida 93;93
Calle 139;139
Avenida 93A;93A
Calle 139;139
Avenida 77A;77A
Calle 177A;177A
Calle 177;177
Avenida 77A;77A
Avenida 77;77
Calle 171A;171A
Calle 173;173
Avenida 79A;79A
Avenida 81;81
Avenida 81A;81A
Calle 181;181
Avenida 83;83
Calle 174;174
Avenida 89;89
Avenida 87;87
Avenida 89;89
Avenida 85A;85A
Calle 175A;175A
Avenida 83A;83A
Calle Dulce Nombre;Dulce Nombre
Calle 139;139
Calle 149;149
Avenida 89A;89A
Avenida 85A;85A
Calle 123;123
Avenida 85;85
Calle Dulce Nombre;Dulce Nombre
Calle 145;145
Vía 102;102
Calle 125A;125A
Calle Jesús;Jesús
Calle Jesús;Jesús
Avenida 93;93
Calle 137;137
Avenida 87;87
Calle Patalillo;Patalillo
Avenida 93A;93A
Avenida 95;95
Calle 135B;135B
Avenida 99;99
Avenida 87A;87A
Calle 99A;99A
Calle 101;101
Calle 105A;105A
Avenida 87;87
Calle 117;117
Calle Choco;Choco
Calle 175A;175A
Calle Durazno;Durazno
Calle Durazno;Durazno
Calle 177;177
Calle Patio de Agua;Patio Agua
Calle Patio de Agua;Patio Agua
Calle Yerbabuena;Yerbabuena
Calle Yerbabuena;Yerbabuena
Calle 173;173
Avenida 81;81
Calle Sotero;Sotero
Calle Sotero;Sotero
Calle 117;117
Calle Fanguillo;Fanguillo
Avenida 99;99
Calle 117B;117B
Calle Sinaí;Sinaí
Avenida 95;95
Calle Don Carmen;Don Carmen
Avenida 83;83
Transversal 135;Transversal 135
Avenida 97B;97B
Avenida 97A;97A
Avenida 87;87
Cale 113B;Cale 113B
Avenida 95;95
Calle Jesús;Jesús
Calle Patalillo;Patalillo
Calle 145A;145A
Avenida 89;89
Calle Lizano;Lizano
Calle Sotero;Sotero
Calle 101;101
Calle Sinaí;Sinaí
Calle Chon Mora;Chon Mora
Calle 109A;109A
Avenida 77;77
Calle 109;109
Calle 111A;111A
Calle Jesús;Jesús
Calle 121;121
Avenida 87A;87A
Calle 121A;121A
Calle 173A;173A
Calle 175A;175A
Calle 175;175
Calle 177;177
Calle 175;175
Calle 177A;177A
Calle 165A;165A
Calle 177;177
Calle 159A;159A
Vía 216;216
Calle 131;131
Avenida 95A;95A
Calle 119;119
Calle 125;125
Calle 123;123
Avenida 99;99
Avenida 93;93
Calle 137;137
Avenida 99B;99B
Avenida 99B;99B
Avenida 103;103
Calle El Carmen;El Carmen
Calle El Carmen;El Carmen
Avenida 103;103
Calle 131;131
Calle Dulce Nombre;Dulce Nombre
Avenida 99;99
Avenida 103;103
Avenida 101A;101A
Calle 121;121
Avenida 107;107
Calle 125A;125A
Avenida 111A;111A
Calle 119B;119B
Calle Murtal;Murtal
Avenida 117;117
Avenida 79A;79A
Avenida 85;85
Transversal 165;Transversal 165
Calle 165;165
Avenida 105A;105A
Calle Dulce Nombre;Dulce Nombre
Avenida 111;111
Calle Jesús;Jesús
Calle 133;133
Calle 125A;125A
Calle 139;139
Cale 113A;Cale 113A
Avenida 89;89
Avenida 79A;79A
Calle 97;97
Calle Fanguillo;Fanguillo
Calle Platanares;Platanares
Calle La Palma;La Palma
Calle Platanares;Platanares
Calle 139;139
Calle 153;153
Avenida 95;95
Calle Montserrat;Montserrat
Calle Jesús;Jesús
Calle Rodríguez;Rodríguez
Carretera Braulio Carrillo;Carretera Braulio Carrillo
Carretera Braulio Carrillo;Carretera Braulio Carrillo
Calle 121;121
Carretera Braulio Carrillo;Carretera Braulio Carrillo
Vía 307;307
Vía 307;307
Calle Los Ingenieros;Los Ingenieros
Cerro Hondura;Cerro Hondura
Calle Corrales;Corrales
Calle Barrantes;Barrantes
Vía 307;307
Avenida 91;91
Vía 216;216
Calle Dulce Nombre;Dulce Nombre
Calle Jesús;Jesús
Avenida 99;99
Calle 129;129
Avenida 99;99
Calle Dulce Nombre;Dulce Nombre
Calle 127;127
Calle Chinchilla;Chinchilla
Calle Rocío;Rocío
Calle Guaba;Guaba
Calle 151;151
Calle 151;151
Calle 155;155
Calle Fanguillo;Fanguillo
Calle Colmena;Colmena
Calle Pacheco;Pacheco
Avenida 101;101
Calle Holanda;Holanda
Calle Holanda;Holanda
Calle Iglesias;Iglesias
Calle Holanda;Holanda
Calle Montserrat;Montserrat
Calle Herrero;Herrero
Calle Holanda;Holanda

