Vía 116;116
Calle Venero;Venero
Calle Los Leones;Los Leones
Calle Chaves;Chaves
Calle Chilillal;Chilillal
Bosque Caricias;Bosque Caricias
Calle Los Leones;Los Leones
Calle Los Leones;Los Leones
Calle Chizos;Chizos
Calle El Gringo;El Gringo
Calle Lajas;Lajas
Calle Huacalillo;Huacalillo
Carretera Braulio Carrillo;Carretera Braulio Carrillo
Calle Lajas;Lajas
Calle Montaña Azul;Montaña Azul
Calle Venegas;Venegas
Calle Bombacho;Bombacho
Calle Padre Blanco;Padre Blanco
Sendero Caricias;Caricias
Calle El Tanque;El Tanque
Bosque Caricias;Bosque Caricias
Calle Plywood;Plywood
Calle El Tanque;El Tanque
Calle Quetzal;Quetzal
Calle Caricias;Caricias
Calle Quetzal;Quetzal
Calle Lázaro;Lázaro
Calle Caricias;Caricias
Calle Caricias;Caricias
Calle Caricias;Caricias
Calle Zurquí;Zurquí
Calle Lajas;Lajas
Calle Lajas;Lajas
Calle Lajas;Lajas
Calle El Tanque;El Tanque
Calle El Tanque;El Tanque
Calle Los Leones;Los Leones
Carretera Braulio Carrillo;Carretera Braulio Carrillo
Vía 112;112
Avenida 3;3
Calle Central;Central
Vía 116;116
Calle 4;4
Calle 1;1
Avenida 1;1
Avenida Central;Central
Calle 6;6
Avenida 2;2
Avenida 4;4
Avenida 6;6
Avenida 6;6
Calle Central;Central
Calle 2;2
Calle 1;1
Avenida 2;2
Calle Linda Vista;Linda Vista
Calle 3;3
Calle Rosalinda;Rosalinda
Calle Bin;Bin
Calle Cristo Rey;Cristo Rey
Calle Gildo;Gildo
Calle Las Quebradas;Las Quebradas
Calle La Isidreña;La Isidreña
Vía 112;112
Calle Salomón Hernández;Salomón Hernández
Calle Las Quebradas;Las Quebradas
Calle Las Quebradas;Las Quebradas
Calle La Unión;La Unión
Calle Hernández;Hernández
Calle Aguacate;Aguacate
Calle Las Mercedes;Las Mercedes
Calle Los Leones;Los Leones
Calle Los Leones;Los Leones
Calle Turú;Turú
Calle Los Leones;Los Leones
Calle Cipreses;Cipreses
Avenida 14;14
Calle Chilillal;Chilillal
Avenida Las Lajas;Las Lajas
Calle 1;1
Avenida 6;6
Calle La Amistad;La Amistad
Calle Rinconada;Rinconada
Calle Villalobos;Villalobos
Avenida 2;2
Calle Agustín Valerio;Agustín Valerio
Boulevard Victoria;Victoria
Calle Venecia;Venecia
Calle Vary;Vary
Avenida Valencia;Valencia
Calle Viena;Viena
Calle Azofeifa;Azofeifa
Calle Rodríguez;Rodríguez
Calle Rodríguez;Rodríguez
Avenida 12;12
Avenida Versalles;Versalles
Avenida Vigo;Vigo
Avenida 3;3
Calle Nazareth;Nazareth
Calle Tibás;Tibás
Calle Chaves;Chaves
Avenida Los Pinos;Los Pinos
Avenida Los Avedules;Los Avedules
Avenida Los Jotas;Los Jotas
Avenida Las Lajas;Las Lajas
Calle La Hacienda;Calle La
Avenida La Gloria;La Gloria
Avenida Las Acacias;Las Acacias
Calle Los Parques;Los Parques
Calle Veroliz;Veroliz
Calle El Milagro;El Milagro
Calle Cristo Rey;Cristo Rey
Avenida Central;Central
Avenida Central;Central
Avenida 2;2
Calle Los Cosposas;Los Cosposas
Calle Los Leitón;Los Leitón
Calle Navidad;Navidad
Avenida 2;2
Calle Cantarrana;Cantarrana
Vía 112;112
Vía 116;116
Vía 116;116
Av. El Cedral;El Cedral
Calle Los Parques;Los Parques
Calle El Milagro;El Milagro
Calle Las Quebradas;Las Quebradas
Calle Las Quebradas;Las Quebradas
Calle Central;Central
Avenida 4;4
Avenida 6;6
Calle Linda Vista;Linda Vista
Calle Chilillal;Chilillal
Calle Venecia;Venecia
Calle La Quintana;La Quintana
Avenida 2;2
Calle 1;1
Calle Rodríguez;Rodríguez
Calle Rinconada;Rinconada
Calle Linda Vista;Linda Vista
Calle Linda Vista;Linda Vista
Calle La Esperanza;La Esperanza
Avenida Central;Central
Calle 4;4
Avenida Central;Central
Calle 2;2
Ruta Nacional 112;Ruta Nacional 112
Avenida Central;Central
Calle Chaves;Chaves
Calle Chaves;Chaves
Vía 112;112
Calle Los Orozco;Los Orozco
Avenida El Portillo;El Portillo
Calle Los Parques;Los Parques
Calle Astillero;Astillero
Calle Tibás;Tibás
Avenida 16;16
Calle La Isidreña;La Isidreña
Vía 112;112
Vía 112;112
Vía 112;112
Vía 112;112
Calle 6;6
Calle Salomón Hernández;Salomón Hernández
Calle Salomón Hernández;Salomón Hernández
Calle La Hacienda;Calle La
Boulevard Victoria;Victoria
Calle Venecia;Venecia
Avenida Verona;Verona
Calle La Quintana;La Quintana
Calle La Uruca;La Uruca
Calle Linda Vista;Linda Vista
Calle 4;4
Vía 112;112
Vía 112;112
Vía 112;112
Vía 112;112
Calle Yerbabuena;Yerbabuena
Avenida 4;4
Calle Las Juntas;Las Juntas
Calle Solís;Solís
Calle Chizos;Chizos
Calle Trapiche;Trapiche
Avenida 2;2
Avenida 6;6
Calle Lajas;Lajas
Calle Rubí;Rubí
Avenida 8;8
Calle Yerbabuena;Yerbabuena
Calle Trapiche;Trapiche
Calle Los Itabos;Los Itabos
Calle Santa Elena;Santa Elena
Calle Gemelo;Gemelo
Calle Azofeifa;Azofeifa
Calle Turú;Turú
Avenida Central;Central
Calle Chavarría;Chavarría
Carretera Braulio Carrillo;Carretera Braulio Carrillo
Calle Cometa;Cometa
Carretera Braulio Carrillo;Carretera Braulio Carrillo
Calle Yerbabuena;Yerbabuena
Calle Turú;Turú
Avenida Central;Central
Calle Tranqueras;Tranqueras
Avenida 10;10
Vía 112;112
Vía 112;112
Calle Chavarría;Chavarría
Calle Los Ramírez;Los Ramírez
Calle Caricias;Caricias
Calle Villalobos;Villalobos
Calle Zurquí;Zurquí
Vía 112;112
Vía 112;112
Vía 112;112
Calle Linda Vista;Linda Vista
Calle Trapiche;Trapiche
Calle Trapiche;Trapiche
Calle Trapiche;Trapiche
Calle Linda Vista;Linda Vista
Calle Linda Vista;Linda Vista
Vía 112;112
Vía 112;112

