Calle 18;18
Calle 18;18
Avenida 67;67
Calle 16;16
Avenida 69;69
Avenida 69;69
Calle 12;12
Calle 14;14
Calle 12;12
Avenida 69;69
Calle 6A;6A
Calle 48;48
Calle 42;42
Avenida 61;61
Avenida 59;59
Avenida 57;57
Avenida 55;55
Avenida 53;53
Avenida 55;55
Avenida 57;57
Avenida 61;61
Calle 18A;18A
Calle 22;22
Calle 20;20
Calle 24;24
Calle 28;28
Avenida 61;61
Calle 34;34
Calle 24A;24A
Calle 26;26
Calle 28A;28A
Avenida 55A;55A
Calle 34A;34A
Calle 32;32
Calle 28B;28B
Calle 28A;28A
Calle 28C;28C
Avenida 59;59
Avenida 57A;57A
Avenida 57;57
Avenida 55B;55B
Calle 32;32
Avenida 53;53
Calle 38;38
Vía 5;5
Calle 22;22
Avenida 63;63
Calle 38;38
Calle 38;38
Calle 38A;38A
Avenida 63A;63A
Avenida 63A;63A
Calle 10;10
Calle 44B;44B
Calle 46;46
Calle 46A;46A
Calle 46B;46B
Calle 52;52
Calle 42A;42A
Calle 44;44
Calle 44A;44A
Avenida 49D;49D
Avenida 49;49
Calle 18;18
Avenida 71;71
Avenida 51A;51A
Avenida 51C;51C
Calle 26;26
Calle 36;36
Avenida 49B;49B
Calle 24;24
Calle 22A;22A
Transversal 18B;Transversal 18B
Avenida 53B;53B
Calle 32B;32B
Calle 28C;28C
Calle 28B;28B
Avenida 71;71
Calle 14;14
Avenida 71A;71A
Calle 6A;6A
Avenida 49C;49C
Avenida 49B;49B
Avenida 49A;49A
Avenida 49A;49A
Calle 48A;48A
Calle 48B;48B
Calle 50;50
Calle 50A;50A
Calle 52;52
Calle 46A;46A
Calle 46B;46B
Calle 48;48
Avenida 49;49
Calle 40B;40B
Calle 40A;40A
Calle 40;40
Avenida 53;53
Avenida 51A;51A
Calle 40B;40B
Avenida 53B;53B
Calle 40A;40A
Avenida 53A;53A
Calle 38C;38C
Calle 38B;38B
Avenida 53A;53A
Avenida 53;53
Avenida 51A;51A
Calle 60;60
Calle 58;58
Avenida 53;53
Calle 46B;46B
Calle 46;46
Calle 44A;44A
Calle 44;44
Calle 42B;42B
Calle 58;58
Calle 56;56
Calle 48A;48A
Avenida 53;53
Avenida 51A;51A
Avenida 53A;53A
Avenida 53;53
Avenida 51A;51A
Calle 48C;48C
Calle 50;50
Calle 50A;50A
Calle 52;52
Calle 48B;48B
Calle 52A;52A
Calle 64;64
Avenida 57A;57A
Avenida 47A;47A
Avenida 49;49
Calle 56;56
Calle 54;54
Avenida 73;73
Avenida 71B;71B
Calle 10A;10A
Calle 58;58
Calle 18;18
Calle 52A;52A
Calle 8;8
Calle 10;10
Calle 8;8
Calle 8A;8A
Avenida 75;75
Calle 6A;6A
Calle 6;6
Calle 22;22
Transversal 18;Transversal 18
Avenida 51D;51D
Calle 38A;38A
Transversal 40;Transversal 40
Calle 36;36
Calle 32A;32A
Calle 36;36
Calle 34B;34B
Calle 10B;10B
Calle 48A;48A
Calle 50A;50A
Calle 48;48
Calle 48B;48B
Calle 36A;36A
Calle 18B;18B
Avenida 51;51
Avenida 55;55
Calle 30;30
Calle 28;28
Avenida 53;53
Calle 8;8
Vía 5;5
Avenida 63;63
Avenida 53;53
Calle 18;18
Calle 20A;20A
Calle 22;22
Calle 22A;22A
Transversal 18;Transversal 18
Avenida 51A;51A
Avenida 53A;53A
Avenida 53;53
Calle 32A;32A
Avenida 55B;55B
Calle 40;40
Calle 44B;44B
Avenida 55;55
Avenida 47;47
Avenida 55;55
Avenida 57;57
Avenida 53;53
Calle 26;26
Calle 42A;42A
Avenida 51;51
Avenida 53;53
Avenida 71A;71A
Avenida 59;59
Avenida 63A;63A
Calle 40A;40A
Calle 40;40
Avenida 67;67
Calle 12;12
Avenida 67;67
Calle 8;8
Avenida 65;65
Calle 54;54
Avenida 55;55
Avenida 63;63
Avenida 51B;51B
Calle 56;56
Calle 50A;50A
Avenida 53A;53A
Avenida 63;63
Calle 16;16
Avenida 63;63
Calle 20;20
Autopista Braulio Carrillo;pista Braulio Carrillo
Avenida 65;65
Avenida 69;69
Avenida 67;67
Calle Central;Central
Calle 4;4
Calle 6;6
Autopista Braulio Carrillo;pista Braulio Carrillo
Calle 15;15
Avenida 63;63
Avenida 69;69
Calle 6A;6A
Avenida 71;71
Avenida 69A;69A
Calle 2;2
Carretera Braulio Carrillo;Carretera Braulio Carrillo
Autopista Braulio Carrillo;pista Braulio Carrillo
Autopista Braulio Carrillo;pista Braulio Carrillo
Autopista Braulio Carrillo;pista Braulio Carrillo
Autopista Braulio Carrillo;pista Braulio Carrillo
Autopista Braulio Carrillo;pista Braulio Carrillo
Autopista Braulio Carrillo;pista Braulio Carrillo
Autopista Braulio Carrillo;pista Braulio Carrillo
Diagonal 45;Diagonal 45
Diagonal 45;Diagonal 45
Calle 35A;35A
Calle Central;Central
Avenida 61;61
Avenida 59;59
Avenida 57;57
Avenida 55;55
Avenida 53;53
Calle 3;3
Calle 5;5
Avenida 55;55
Avenida 59;59
Calle 7;7
Calle 7;7
Avenida 57A (Calle Juan Arias);57A (Calle Juan Arias)
Calle 9;9
Avenida 65;65
Diagonal 65;Diagonal 65
Avenida 55;55
Calle 17;17
Calle 19;19
Avenida 61;61
Avenida 59;59
Avenida 57A;57A
Avenida 57;57
Avenida 55A;55A
Calle 25;25
Avenida 55A;55A
Avenida 57;57
Avenida 53;53
Avenida 57;57
Calle 27A;27A
Avenida 51;51
Calle 29;29
Calle 25;25
Calle 17;17
Calle 25A;25A
Calle 29;29
Avenida 67;67
Calle 31;31
Calle 33;33
Transversal 3;Transversal 3
Avenida 51;51
Avenida 55;55
Calle 7;7
Avenida 73;73
Avenida 65;65
Calle 53;53
Calle 21;21
Avenida 59;59
Avenida 57A;57A
Avenida 59A;59A
Calle 11;11
Avenida 67A;67A
Avenida 65A;65A
Avenida 63;63
Calle 19;19
Calle 15;15
Avenida 73A;73A
Avenida 71;71
Avenida 71;71
Calle Central;Central
Calle 31;31
Avenida 59;59
Acceso a Condominio Santa Rita;Acceso a Condominio Santa Rita
Alameda;Alameda
Alameda;Alameda
Alameda;Alameda
Alameda;Alameda
Avenida 69;69
Calle 2;2
Avenida 59B;59B
Avenida 67A;67A
Calle 37;37
Avenida 57B;57B
Calle 9;9
Avenida 53;53
Calle 9;9
Avenida 67;67
Calle 15A;15A
Avenida 65A;65A
Avenida 67A;67A
Calle 27;27
Calle 15;15
Calle 23;23
Calle 29B;29B
Calle 29;29
Avenida 69;69
Calle 11;11
Calle Central;Central
Avenida 65;65
Avenida 61A;61A
Calle 1;1
Avenida 53;53
Calle 13A;13A
Calle 13;13
Avenida 63A;63A
Avenida 69;69
Avenida 69;69
Calle 53;53
Calle 13;13
Calle 27;27
Avenida 59;59
Calle 6;6
Calle 33B;33B
Calle 33A;33A
Calle 1;1
Calle Central;Central
Calle Central;Central
Avenida 63;63
Calle 15;15
Avenida 63;63
Avenida 63;63
Avenida 63;63
Calle Florida;Florida
Avenida 63;63
Calle 31;31
Calle 17A;17A
Avenida 63;63
Avenida 63;63
Autopista Braulio Carrillo;pista Braulio Carrillo
Calle 27A;27A
Avenida 65C;65C
Avenida 53A;53A
Calle 29A;29A
Avenida 69;69
Avenida 65;65
Avenida 65B;65B
Avenida 65A;65A
Avenida 65D;65D
Avenida 65D;65D
Calle 39;39
Avenida 65;65
Calle 35;35
Avenida 69;69
Avenida 71;71
Avenida 71A;71A
Calle 25;25
Calle 21;21
Avenida 7A;7A
Calle 21;21
Avenida 71;71
Calle 15A;15A
Calle 15B;15B
Calle 27;27
Avenida 69C;69C
Avenida 69B;69B
Calle 0A;0A
Avenida 59;59
Calle 19A;19A
Avenida 61A;61A
Avenida 61;61
Avenida 73;73
Calle 23;23
Avenida 67A;67A
Calle 31A;31A
Calle 35A;35A
Autopista Braulio Carrillo;pista Braulio Carrillo
Calle 5A;5A
Avenida 57;57
Alameda;Alameda
Alameda;Alameda
Avenida 57A;57A
Avenida 65;65
Calle 6;6
Calle 17A;17A
Calle 31;31
Avenida 65C;65C
Avenida 65B;65B
Calle 29A;29A
Avenida 65;65
Acceso a Condominio Santa Rita;Acceso a Condominio Santa Rita
Diagonal 71;Diagonal 71
Calle 27A;27A
Calle 19;19
Calle 39;39
Calle 33;33
Avenida 51;51
Diagonal 49A;Diagonal 49A
Calle 11;11
Calle 53;53
Avenida 63;63
Avenida 57;57
Calle 6;6
Calle 6A;6A
Avenida 63;63
Calle 4;4
Calle 4;4
Calle 15;15
Avenida 63;63
Calle 7;7
Avenida 55;55
Avenida 55;55
Puente de Hamaca;Hamaca
Drive inn;inn
Avenida 69;69
Calle Central;Central
Calle Central;Central
Calle Central;Central
Linda vista;Linda vista
Calle 19;19
Calle 17;17
Avenida 65;65
Carretera Braulio Carrillo;Carretera Braulio Carrillo
Autopista Braulio Carrillo;pista Braulio Carrillo
Calle 6;6
Calle 16;16
Calle 14;14
Calle 12;12
Transversal 10;Transversal 10
Avenida 33A;33A
Avenida 29;29
Calle 16;16
Avenida 33;33
Avenida 31;31
Calle 18;18
Calle 14;14
Avenida 45;45
Avenida 51;51
Avenida 25;25
Avenida 51;51
Calle 24A;24A
Avenida 51C;51C
Avenida 51B;51B
Avenida 51A;51A
Calle 28A;28A
Calle 32;32
Calle 30;30
Calle 40;40
Avenida 29;29
Calle 8;8
Avenida 43;43
Diagonal 37;Diagonal 37
Avenida 17;17
Avenida 17;17
Calle 10;10
Calle 22;22
Avenida 51A;51A
Calle 32;32
Avenida 51A;51A
Calle 26;26
Avenida 49;49
Calle 26A;26A
Avenida 49;49
Calle 24;24
Avenida 45;45
Calle 24A;24A
Calle 24;24
Calle 22B;22B
Calle 22A;22A
Calle 36;36
Avenida 49B;49B
Avenida 49A;49A
Avenida 49;49
Calle 28A;28A
Avenida 49;49
Avenida 45A;45A
Calle 22A;22A
Calle 28C;28C
Calle 28B;28B
Avenida 31;31
Avenida 49;49
Calle 8A;8A
Avenida 25;25
Calle 6A;6A
Calle 18;18
Calle 18A;18A
Calle 20A;20A
Calle 20;20
Calle 20;20
Avenida 35;35
Avenida 25;25
Avenida 25;25
Calle 18A;18A
Calle 18;18
Avenida 23A;23A
Calle 18A;18A
Avenida 29;29
Avenida 29;29
Calle 22;22
Avenida 51D;51D
Avenida 27;27
Avenida 27;27
Avenida 47;47
Diagonal 39;Diagonal 39
Calle 24;24
Calle 22;22
Calle 22;22
Calle 16;16
Calle 16;16
Calle 38A;38A
Transversal 40;Transversal 40
Avenida 33A;33A
Avenida 51;51
Avenida 51;51
Calle 32;32
Calle 30;30
Calle 28;28
Calle 22;22
Calle 18;18
Avenida 47;47
Avenida 47;47
Calle 8;8
Transversal 4;Transversal 4
Avenida 25;25
Calle 12;12
Avenida 49;49
Avenida 49;49
Calle 10;10
Avenida 39;39
Avenida 37;37
Calle 22;22
Avenida 25B;25B
Calle 18;18
Avenida 25A;25A
Avenida 47;47
Transversal 18;Transversal 18
Calle 22A;22A
Avenida 51A;51A
Calle 38A;38A
Avenida 47;47
Calle 28;28
Avenida 51B;51B
Calle 28A;28A
Avenida 39;39
Avenida 35B;35B
Calle 22A;22A
Avenida 31B;31B
Avenida 31A;31A
Avenida 31A;31A
Avenida 35B;35B
Calle 22;22
Avenida 27;27
Calle 6;6
Diagonal 37;Diagonal 37
Calle 38;38
Avenida 33;33
Calle 6;6
Avenida 51;51
Calle 8;8
Avenida 31A;31A
Calle 14;14
Calle 12;12
Avenida 31A;31A
Avenida 31;31
Avenida 31;31
Avenida 33;33
Calle 8;8
Calle 10;10
Calle 8;8
Avenida 25A;25A
Calle 14A;14A
Calle 14A;14A
Avenida 31;31
Avenida 25;25
Calle 8;8
Avenida 45;45
Bodegas Murgo;Murgo
Calle 6;6
Avenida 47;47
Avenida 35A;35A
Avenida 35;35
Avenida 33A;33A
Avenida 51;51
Calle 8;8
Autopista Braulio Carrillo;pista Braulio Carrillo
Calle 4;4
Calle 6;6
Calle Central;Central
Avenida 45;45
Avenida 45;45
Calle 11;11
Avenida 33A;33A
Calle 6;6
Calle 2;2
Calle 11;11
Diagonal 45;Diagonal 45
Avenida 45;45
Diagonal 39;Diagonal 39
Avenida 29;29
Avenida 45;45
Calle 6;6
Calle 6;6
Avenida 23;23
Calle 4;4
Avenida 25;25
Avenida 49;49
Avenida 49;49
Calle 25;25
Avenida 51;51
Calle 17;17
Avenida 49;49
Avenida 41;41
Avenida 43;43
Calle 11A;11A
Calle 1;1
Calle 5;5
Avenida 39A;39A
Avenida 39;39
Calle 7;7
Calle 5;5
Calle 9;9
Avenida 39;39
Calle 9A;9A
Avenida 45A;45A
Avenida 45;45
Transversal 3;Transversal 3
Avenida 51;51
Calle 9;9
Calle 11;11
Calle Central;Central
Avenida 29;29
Calle Central;Central
Calle 2A;2A
Avenida 43;43
Calle Central;Central
Avenida 17;17
Transversal 11;Transversal 11
Avenida 41A;41A
Calle 11;11
Calle 1;1
Calle 2;2
Avenida 41;41
Avenida 27;27
Transversal 7;Transversal 7
Calle 19;19
Diagonal 49;Diagonal 49
Calle 9;9
Calle 27;27
Avenida 23A;23A
Avenida 31A;31A
Calle 3;3
Avenida 51;51
Calle 13;13
Avenida 27;27
Avenida 29;29
Calle 21;21
Calle 15;15
Calle 17A;17A
Avenida 17;17
Calle Central;Central
Calle Central;Central
Avenida 27;27
Calle Central;Central
Avenida 29;29
Transversal 7;Transversal 7
Avenida 43;43
Calle 6;6
Calle 4;4
Calle Central;Central
Calle Central;Central
Autopista Braulio Carrillo;pista Braulio Carrillo
Calle 9A;9A
Avenida 43;43
Tritec SkyTrace;Tritec
Avenida 41A;41A
Avenida 45;45
Calle 9;9
Calle 19;19
Avenida 47;47
Avenida 35;35
Avenida 43;43
Avenida 31;31
Avenida 21;21
Calle 6;6
Calle 6;6
Calle Central;Central
Calle Central;Central
Calle 7;7
Avenida 39A;39A
Avenida 37;37
Calle 13;13
Avenida 41;41
Calle 7;7
Avenida 49;49
Avenida 29A;29A
Avenida 27;27
Calle Central;Central
Calle 15;15
Avenida 33;33
Calle 6;6
Calle 2;2
Avenida 41;41
Diagonal 43;Diagonal 43
Calle 17A;17A
Calle 21A;21A
Diagonal 35;Diagonal 35
Calle 9;9
Diagonal 49A;Diagonal 49A
Calle 11;11
Calle 2;2
Avenida 47;47
Avenida 37;37
Calle 6;6
Calle 21;21
Calle 6;6
Calle 6;6
Calle 21;21
Autopista Braulio Carrillo;pista Braulio Carrillo

